school_id,name,minutes,half_width_m,pop_reachable,pop_straightline,pop_reach_ratio
genova_0000,Scuola Materna Statale,5,40.0,4467.1929580879205,9659.67486585617,0.4624579005115384
genova_0001,Asilo 'Delia Repetto',5,40.0,522.6748449772597,4235.701233745514,0.12339747686006472
genova_0002,Scuola Primaria Pietro Thouar,5,40.0,2323.557510032654,4105.332944927216,0.5659851566737784
genova_0003,Scuola dell'infanzia Tollot Orientale,5,40.0,1151.0710405409336,3023.747683608532,0.3806769482721021
genova_0004,Scuola Primaria A. De Scalzi-F.lli Polacco,5,40.0,1100.1229495596885,3287.2116067916154,0.33466751799207434
genova_0005,Asilo Nido La Filastrocca,5,40.0,1851.1781010475756,4905.024877031147,0.3774044265740878
genova_0006,Asilo nido 'Camelot',5,40.0,2502.477495556772,5740.27908405438,0.43595049280936055
genova_0007,Scuola dell'infanzia comunale Santa Sofia,5,40.0,4442.290525815487,7507.885080117807,0.5916833407026234
genova_0008,Asilo Il Castello,5,40.0,1106.6063406586647,4063.943236931711,0.2722986705626715
genova_0009,,5,40.0,382.9520946887135,2416.0188148742914,0.15850542732989395
genova_0010,Asilo Nido Comunale 'Arcobaleno',5,40.0,3871.441478805543,12059.091674995423,0.32103922775817295
genova_0011,Scuola Materna Paritaria 'Virgina Centurione Bracelli',5,40.0,1907.1482954788207,11807.426554219724,0.16152108054377406
genova_0012,Scuola Elementare di Stato A. Silvio Novaro,5,40.0,410.25648868083954,1455.3491339731215,0.28189558031400624
genova_0013,Scuola Elementare Statale Sacro Cuore,5,40.0,1095.5319546604155,3064.554756934196,0.35748486861967316
genova_0014,Scuola Comunale dell'infanzia Colombo,5,40.0,2195.914579124451,6354.7268493217225,0.34555609252643704
genova_0015,Scuola d'infanzia Statale Antonio Burlando,5,40.0,2666.1536662018298,5796.914658401245,0.45992632690182456
genova_0016,Scuola Primaria Statale Antonio Burlando,5,40.0,2666.1536662018298,5913.958863685364,0.45082384366474604
genova_0017,Scuola Primaria Statale 'Giovine Italia',5,40.0,1546.807461490631,7815.17003080368,0.1979237118826401
genova_0018,Scuola Elementare statale Carlo Palli,5,40.0,1280.7784800529482,4071.946802273989,0.314537134752766
genova_0019,Scuola Vespertina 'Rosanna Benzi',5,40.0,522.8175806558132,3850.09140252471,0.13579355033311
genova_0020,Scuola Elementare di Stato A. G. Brignole Sale,5,40.0,1858.0914400863649,3687.843224916458,0.5038423074854156
genova_0021,Scuola Infanzia Emanuele Luzzati,5,40.0,2023.5563816833496,10933.949252471924,0.18507095057404516
genova_0022,I.T.C. Eugenio Montale,5,40.0,2023.5563816833496,10991.011808433534,0.1841101089647316
genova_0023,Scuola Elementare Statale Gilberto Govi,5,40.0,1776.552638283968,3912.698062325716,0.4540479766097723
genova_0024,Scuola primaria G. Embriaco,5,40.0,1521.8946431064605,5633.45736495018,0.2701528643094505
genova_0025,Scuola Materna San Bernardo,5,40.0,1188.2158931350707,4860.418672957346,0.2444678068056419
genova_0026,,5,40.0,1121.3199352264403,7508.338558516372,0.14934328366887203
genova_0027,Asilo nido comunale Cantaegua,5,40.0,330.29907299995426,1603.814630817395,0.2059459158516437
genova_0028,Scuola dell'infanzia Comunale Maddalena,5,40.0,3919.15880191803,7553.125525488854,0.5188790771042262
genova_0029,Scuola elementare (primaria) - Paritaria N.S. del Monte,5,40.0,3527.2036776733394,8987.321803111732,0.3924643798169211
genova_0030,Scuola materna (dell'infanzia) - Paritaria Nostra Signora del Monte,5,40.0,3503.6759072113036,8930.249451939613,0.3923379661528178
genova_0031,Scuola primaria dieci dicembre,5,40.0,2594.0940062069894,10049.126264344417,0.2581412490965673
genova_0032,Scuola Primaria Giovanni Pascoli (succursale),5,40.0,2430.8813385772705,6206.09050451994,0.39169285991025143
genova_0033,Scuola Infanzia Primavera,5,40.0,1159.6685362625121,2224.275053954274,0.5213692138482943
genova_0034,Scuola Materna Comunale Tina Quaglia,5,40.0,433.5947778248787,4341.706785641909,0.09986735614177891
genova_0035,Scuola elementare di Stato Emilio Salgari,5,40.0,3820.7088208007813,11456.182899561525,0.33350626943525974
genova_0036,Gesù Nazareno,5,40.0,2257.1422474670408,7869.163580093383,0.2868338196929762
genova_0037,La vita è bella,5,40.0,391.2212779319286,4162.904091392756,0.09397797050881378
genova_0038,Giovanni Lombardo Radice,5,40.0,1039.4322019958497,6645.894818140268,0.15640214454773987
genova_0039,Scuola Primaria Aldo Moro,5,40.0,730.2625100040436,3067.983568686471,0.23802686476469587
genova_0040,Scuola primaria Edmondo De Amicis,5,40.0,258.33967582941057,2257.6519706929744,0.11442847665759331
genova_0041,Scuola per l'infanzia Peter Pan,5,40.0,868.7297808647156,4331.11014652729,0.2005790089548446
genova_0042,Scuola dell'infanzia Mimosa,5,40.0,330.29907299995426,1603.850186088603,0.20594135029872873
genova_0043,Scuola Materna Statale Felice Cavallotti,5,40.0,1776.552638283968,3751.4148821783065,0.4735686918351164
genova_0044,Scuola di infanzia Albero D'Oro,5,40.0,3951.932944469452,9758.420113666058,0.40497671738225505
genova_0045,Scuola infanzia Il Gabbiano,5,40.0,452.54122247785335,1506.5097619667556,0.3003905012119262
genova_0046,Asilo Nido Comunale Il Girasole,5,40.0,3255.213524799347,9662.835360326768,0.3368797463076371
genova_0047,Micronido Pratorotondo,5,40.0,3009.904113788977,8915.37897720864,0.33760809512231893
genova_0048,Asilo Nido Lo Scoiattolo,5,40.0,2884.942870130539,5438.578215008974,0.5304590200006489
genova_0049,Asilo Nido Nati sotto al cavolo,5,40.0,1515.2337929439545,7666.000179271698,0.19765637327286212
genova_0050,,5,40.0,1176.4864486250283,5169.137237322331,0.22759822280022515
genova_0051,Asilo Infantile Borgopila,5,40.0,2220.6466309517623,5360.127489648461,0.41428989053717474
genova_0052,Scuola Elementare G.B. Perasso,5,40.0,723.1213862609862,5155.226510188878,0.14026956620272588
genova_0053,Scuola Materna San Martino d'Albaro,5,40.0,723.1213862609862,5227.196988721192,0.13833826959674125
genova_0054,Istituto Paritario Maria Ausiliatrice,5,40.0,6449.7330718803405,12021.060718517303,0.5365361030033846
genova_0055,Istituto Suore dell'Immacolata,5,40.0,1750.471519079208,4049.3612547039984,0.43228336741893497
genova_0056,Scuola materna comunale Maria Mazzini,5,40.0,2930.694530801265,6748.858473027016,0.4342504058300073
genova_0057,Scuola Materna Suore Medee,5,40.0,2897.507643470764,8262.51743508339,0.3506809717783695
genova_0058,Istituto Champagnat,5,40.0,1205.5028002548218,4595.7920542049405,0.26230577581329895
genova_0059,Asilo Nido Comunale Centofiori,5,40.0,1159.6685362625121,2259.132801833302,0.5133246417923873
genova_0060,Asilo nido Casetta degli Orsacchiotti,5,40.0,227.83197734662798,2774.820819529863,0.0821069150638813
genova_0061,Scuola Infanzia Chighizola,5,40.0,1311.4348458385466,3968.7271389293674,0.33044217955289534
genova_0062,Scuola elementare Papa Giovanni XXIII,5,40.0,1109.6806765747071,12920.412199020386,0.08588585716010223
genova_0063,Asilo L'Aquilone,5,40.0,1606.4683065795898,4113.787331255675,0.390508350875114
genova_0064,Scuola Materna Suore figlie di San Giuseppe,5,40.0,1582.2466606521605,3954.1901499783994,0.40014430278746305
genova_0065,Scuola Primaria Ada Negri,5,40.0,1451.6255676460266,5610.684337196239,0.25872522501799317
genova_0066,Scuola Materna Viale Modugno 18,5,40.0,1138.8736174583435,5727.227474231013,0.19885252027836706
genova_0067,Scuola Materna Venerabile Maria Cristina,5,40.0,76.75319348584686,117.59744975338748,0.6526773637251937
genova_0068,Deledda International School,5,40.0,873.0659279862791,3337.4232118573973,0.26159880619407155
genova_0069,Scuola superiore di primo grado Don Milani - Colombo,5,40.0,1149.0514063262938,5995.522669360638,0.19165158230463808
genova_0070,Scuola dell'infanzia Comunale San Luigi,5,40.0,1297.3899284124373,5744.4036453509325,0.22585284887882878
genova_0071,Scuola Materna elementare suore Benedettine della provvidenza,5,40.0,400.7991133880615,2733.332623099089,0.1466338600728477
genova_0072,Scuola Infanzia Emma Valle,5,40.0,1713.6921996688843,4196.565167195797,0.4083559128462188
genova_0073,Asilo Nido Mongolfiera,5,40.0,3799.3527622938154,7782.924653288125,0.48816517331806203
genova_0074,Scuola Infanzia Firpo,5,40.0,3536.9724727630614,7979.247153427601,0.4432714521499317
genova_0075,Scuola infanzia San Fruttuoso,5,40.0,2505.118708906173,6253.540281739235,0.40059208001286745
genova_0076,Scuola dell'infanzia Monticelli,5,40.0,2444.6558097457882,9681.21160381317,0.2525154815108993
genova_0077,,5,40.0,1243.8864949798583,5304.495317423147,0.2344966713221875
genova_0078,Asilo Nido Le Giuggiole,5,40.0,966.802887570858,2550.4521095395094,0.3790711787744239
genova_0079,Scuola dell'infanzia Jean Piaget,5,40.0,2007.0327497291566,6194.273660110235,0.32401422020696435
genova_0080,Scuola elementare Domenico Ferrero,5,40.0,3590.1842101860047,6750.8568064725405,0.5318116371160224
genova_0081,Scuola elementare (primaria) - Paritaria Contubernio D'Albertis,5,40.0,4337.611545639038,11224.324142492114,0.3864474591586382
genova_0082,ISFORCOOP,5,40.0,4620.658013455867,8728.951911685466,0.5293485472488607
genova_0083,,5,40.0,1195.3093404769897,4809.849872005432,0.24851281688312116
genova_0084,Istituto Eugenia Ravasco,5,40.0,1484.6136462593079,4660.041441631019,0.3185837861861786
genova_0085,Scuola dell'Infanzia paritaria San Filippo Neri,5,40.0,2570.0696239852905,6899.869133272171,0.3724809230934601
genova_0086,Scuola dell’Infanzia paritaria Don Daste,5,40.0,1786.4328029865028,4978.6910310494895,0.3588157593723846
genova_0087,Scuola Primaria Evasio Montanella,5,40.0,1121.942821996212,4460.808036849797,0.2515111192250548
genova_0088,Scuola dell'Infanzia Branega,5,40.0,1121.942821996212,4643.24376755029,0.24162910201635465
genova_0089,Scuola dell'Infanzia Nuova Cantina,5,40.0,730.2625100040436,3025.11697517924,0.2413997594128654
genova_0090,Asilo Nido La Gabbianella,5,40.0,128.20013988222928,560.4616207596287,0.22874026540563405
genova_0091,Nido d'infanzia Oleandro,5,40.0,3303.9109026718143,7072.046957583427,0.4671788694967583
genova_0092,Asilo Nido l’Arca di Noè,5,40.0,1262.7592140865327,6135.096838665009,0.2058254738748847
genova_0093,Asilo Tollot - Scuola Materna,5,40.0,1745.2188405013083,5816.5910428935285,0.3000415239152054
genova_0094,,5,40.0,1874.3213064575195,5722.208194987029,0.32755209922273165
genova_0095,Fabbrica dei sogni,5,40.0,1451.8436687144685,3051.0405542587314,0.47585197341541163
genova_0096,Asilo nido Aquilone,5,40.0,260.00147108316423,1276.6940102495357,0.20365214295345974
genova_0097,Scuola Materna Doria,5,40.0,622.0076033174992,1557.001846440006,0.39949060095187644
genova_0098,Gabbiano,5,40.0,1094.5305392575262,3798.236671894889,0.2881680721363474
genova_0099,Scuola Infanzia Fantasia,5,40.0,513.2645903092623,1915.454666186655,0.2679596648095488
genova_0100,Scuola dell'Infanzia San Pietro,5,40.0,2248.31692691803,7872.136826100349,0.2856044015220436
genova_0101,Asilo nido Nuvola,5,40.0,437.1691588783264,2995.2288009265812,0.14595518003268634
genova_0102,Locali parrocchiali e asilo statale,5,40.0,4220.510744094849,11156.475564222337,0.37830143756417034
genova_0103,Istituto Comprensivo Maddalena-Bertani,5,40.0,1887.3046978759764,5719.653016757966,0.3299683901010039
genova_0104,"Scuola Primaria ""Giano Grillo""",5,40.0,1461.7124489212035,5767.197449569702,0.2534528185835329
genova_0105,Scuola dell'infanzia Birulò,5,40.0,4647.072101745605,10970.468933858872,0.423598310132673
genova_0106,Istituto Eugenia Ravasco - Scuola Materna,5,40.0,1484.6136462593079,4674.5513138386605,0.31759489768873
genova_0107,Scuola dell'infanzia statale di Piazza Sarzano,5,40.0,948.7507114413381,5052.5738303195685,0.18777572447295263
genova_0108,Nido d'infanzia comunale San Donato,5,40.0,3679.3934813022615,6718.157120578289,0.5476789862553176
genova_0109,Asilo Nido Aziendale La Trottola,5,40.0,1074.470927916467,6528.3257747823,0.16458598498055152
genova_0110,Convitto Nazionale Cristoforo Colombo,5,40.0,1408.7805078268052,6249.408829252719,0.2254262037126577
genova_0111,Girandolina,5,40.0,1094.5305392575262,3922.133933924537,0.27906505940309007
genova_0112,Scuola Infanzia XVI Giugno,5,40.0,1280.9045010375978,4419.47070050877,0.2898321061140059
genova_0113,Scuola materna Fantasia,5,40.0,720.5676733082532,1639.481406562049,0.4395095122300078
genova_0114,Istituto Agrario Bernardo Marsano - Succursale,5,40.0,1010.8606852972507,2595.896990887076,0.38940708697066484
genova_0115,Asilo Nido San Desiderio,5,40.0,282.31471645116807,803.1171177625238,0.351523719526355
genova_0116,Scuola Primaria San Desiderio,5,40.0,183.17801694631575,784.4329672455369,0.23351646934157835
genova_0117,Scuola Primaria 2 Giugno,5,40.0,680.2471687865257,1252.5963143493236,0.5430697511990432
genova_0118,Azienda Agraria Succursale Istituto Marsano,5,40.0,151.45558143973352,580.1551725652814,0.2610604689949414
genova_0119,Scuola Materna,5,40.0,1541.9401313781736,4933.838475790024,0.31252343159273627
genova_0120,Scuola dell'Infanzia Alice nel paese delle meraviglie,5,40.0,2916.8541950440404,6384.5967741274835,0.4568580128449312
genova_0121,Scuola dell'infanzia di Piazza S. Maria in Via Lata,5,40.0,1521.8946431064605,5605.296468849182,0.271510106836315
genova_0122,Scuola dell'Infanzia Statale Felice Cavallotti,5,40.0,1193.6441353130342,3921.2704375362396,0.30440240078493763
genova_0123,Scuola dell'infanzia Il Delfino,5,40.0,412.8362901449203,2496.252321337238,0.16538243614882836
genova_0124,Scuola Elementare di Stato Luigi Manfredi,5,40.0,270.5555708217621,1039.5718511796,0.2602567302248164
genova_0125,Centro Pedagogico l'Emile,5,40.0,1885.2485999965666,3299.735321304007,0.5713332787102282
genova_0126,Scuola Materna Comunale Gnecco Massa,5,40.0,1496.583424320221,3021.597423147638,0.49529543970857975
genova_0127,Scuola Elementare Angelo Gianelli,5,40.0,1877.9636607027055,3818.62157854822,0.49179098323135695
genova_0128,scuola Fabrizi,5,40.0,640.176453704834,3593.0248483341934,0.17817200846847306
genova_0129,Centro Infanzia Porto Antico,5,40.0,411.12604660481213,5524.087447414324,0.07442424663231012
genova_0130,Scuola Edile Genovese,5,40.0,6.115185579061508,235.2784635435231,0.025991267908506584
genova_0131,Scuola d'Infanzia e scuola primaria Suore Domenicane,5,40.0,1482.257428894043,4472.129166648086,0.33144334022109934
genova_0132,Scuola d'Infanzia e scuola primaria Suore Domenicane,5,40.0,1482.257428894043,4499.49116927832,0.3294277893052926
genova_0133,Scuola G. Baliano,5,40.0,4358.4885357689855,6634.196734542846,0.6569730609698784
genova_0134,Asilo nido Oasis,5,40.0,4554.308130561113,7617.631138782129,0.5978640928640757
genova_0135,Asilo nido vico rosa,5,40.0,4021.7436126136777,7641.880629734993,0.5262766859985806
genova_0136,Asilo nido yo-yo,5,40.0,3072.680604667664,7148.435295331478,0.42983960513350095
genova_0137,laboratorio migrazioni,5,40.0,2041.7785860824583,5732.750963685512,0.35616034937087604
genova_0138,Nido d'infanzia comunale Sarzano,5,40.0,1460.5291064357757,5365.813095419928,0.27219157291975615
genova_0139,Scuola Primaria Giacomo Canepa,5,40.0,309.6969409894943,616.2097208170966,0.5025836667731156
genova_0140,Scuola dell'Infanzia di Crevari,5,40.0,309.6969409894943,611.9599799047783,0.5060738465899086
genova_0141,World English,5,40.0,928.5763675689697,3852.7640569803116,0.2410156328900041
genova_0142,Scuola dell'Infanzia Arcobaleno,5,40.0,680.2471687865257,1215.7562148047982,0.5595259645830774
genova_0143,Scuola materna Papa Giovanni XXIII,5,40.0,5466.416445655823,12338.264290771484,0.44304582207275933
genova_0144,Scuola Elementare Doria,5,40.0,434.1573583638669,1557.001846440006,0.27884190333912734
genova_0145,Scuola Garaventa Don Gallo,5,40.0,3855.1637410831445,6412.941188211441,0.6011537651662674
genova_0146,Istituto comprensivo Oregina,5,40.0,2132.6021372985842,9601.357442831397,0.22211464889173937
genova_0147,Accademia Italiana della Marina Mercantile,5,40.0,1102.064462184906,3323.328517513275,0.33161466173965265
genova_0148,Asilo nido comunale Acquerello,5,40.0,3354.0049545681477,6160.957484857365,0.5443967050270593
genova_0149,,5,40.0,991.4073494601249,2426.694949254198,0.4085422231437934
genova_0150,Nido d'infanzia comunale Lomellini,5,40.0,4024.414340133667,7640.483577055931,0.5267224645595501
genova_0151,Scuola Primaria Paritaria “S. M. ad Nives”,5,40.0,1064.8657138442993,2818.2943639779087,0.3778404865917854
genova_0152,,5,40.0,36.74680787503719,866.884744583927,0.042389496532984114
genova_0153,Micro - Nido San Filippo Neri,5,40.0,2570.0696239852905,6912.900626149178,0.37177876017247835
genova_0154,La Monelleria,5,40.0,1207.0761834192274,3992.086763060056,0.30236722172189634
genova_0155,Scuola dell'infanzia statale Girasole,5,40.0,3679.89687915802,7885.848664665222,0.4666456377291185
genova_0156,Scuola Materna Statale di Montesignano,5,40.0,2016.5700313329698,3141.055692566875,0.6420039084646175
genova_0157,Villa Dufour,5,40.0,1249.4987779915334,3756.4545777169615,0.3326271493880099
genova_0158,Scuola La nuvola Olga,5,40.0,2206.951496977806,6415.598052483192,0.3439977814887567
genova_0159,Scuola XII Ottobre,5,40.0,2206.951496977806,6239.148235172397,0.35372640844408865
genova_0160,Scuola primaria Camillo Sbarbaro,5,40.0,1334.6000426852702,3931.4631874683873,0.33946649861540934
genova_0161,Scuola dell'infanzia Guido Rossa,5,40.0,4049.6356042289735,6632.693278397322,0.6105567428270254
genova_0162,Asilo nido Castello Raggio,5,40.0,3618.7215432929993,6684.7908710509255,0.5413365373873087
genova_0163,,5,40.0,723.4394643115997,4588.5869461016355,0.1576606203193378
genova_0164,Scuola dell'Infanzia La farfalla,5,40.0,906.7609603561461,2995.849600984614,0.30267239051590933
genova_0165,Scuola dell'Infanzia Fumagalli,5,40.0,2594.0940062069894,10009.956182128153,0.25915138478213356
genova_0166,Scuola dell'Infanzia A. Spinola,5,40.0,2555.4604130554203,9612.487203471064,0.2658479911559877
genova_0167,Scuola primaria Ambrogio Spinola,5,40.0,2555.4604130554203,9660.078422643543,0.2645382678328301
genova_0168,Scuola dell'infanzia Don Acciai,5,40.0,2377.0186046600343,9193.937499246596,0.25854195820396003
genova_0169,Scuola primaria Mario Mazza,5,40.0,1819.0963608646393,8761.38600731425,0.20762655124954052
genova_0170,Il Castello s.n.c. Asilo Nido,5,40.0,919.7157761764527,6376.903719654083,0.14422607218324804
genova_0171,"Scuola dell'Infanzia Paritaria""Padre Ottavio Assarotti""",5,40.0,1384.135142478943,4207.706864491701,0.32895236932008787
genova_0172,"Scuola dell'Infanzia ""Casa dei bambini""",5,40.0,1473.1273551177978,5228.7365877747525,0.2817367695596102
genova_0173,"Scuola primaria paritaria ""Padre Ottavio Assarotti""",5,40.0,391.2212779319286,4170.885457969903,0.09379813516201137
genova_0174,Scuola Primaria Paritaria Ist. Figlie di San Giuseppe,5,40.0,1473.1273551177978,5234.284093420505,0.2814381735545304
genova_0175,Scuola per l'Infanzia San Pio X,5,40.0,3332.338571472168,11084.201641046404,0.3006385736553218
genova_0176,Nido San Pio X,5,40.0,3332.338571472168,10987.039329933526,0.30329722788862806
genova_0177,Bernardo Marsano,5,40.0,205.7642701316625,723.567945460677,0.2843744964415991
genova_0178,mYes,5,40.0,909.1617007446287,3432.286012083292,0.2648851807640574
genova_0179,Scuola Infanzia Giovine Italia,5,40.0,1546.807461490631,7415.795997409821,0.20858279570135127
genova_0180,Millepiedi,5,40.0,995.5163786911965,4099.973414269686,0.24281044731323564
genova_0181,Scuola primaria Stanislao Solari,5,40.0,4845.2847078704835,12979.540482115746,0.37330171392020434
genova_0182,Scuola Primaria Italo D'Eramo,5,40.0,2374.3931970596313,4673.369163541496,0.5080688287120694
genova_0183,Scuola dell'Infanzia Italo D'Eramo,5,40.0,2374.3931970596313,4673.369163541496,0.5080688287120694
genova_0184,Scuola primaria San Paolo,5,40.0,2013.1295596027376,7803.941844849586,0.25796316779722733
genova_0185,Istituo Vittorio Emanuele II Ruffini,5,40.0,1585.8492548370361,7972.029544391633,0.19892666553809876
genova_0186,danzainfiore,5,40.0,1473.1273551177978,5151.600968608856,0.2859552523757683
genova_0187,New Western Men Cesino,5,40.0,1.099320303928107,15.122096215868368,0.07269629079429712
genova_0188,Scuola Primaria di San Siro,5,40.0,787.7698682212829,1860.5553299525382,0.42340577328671997
genova_0189,Istituto Comprensivo Renzo Pezzani,5,40.0,1145.3230117416383,5186.449980201722,0.2208298578244636
genova_0190,Scuola Elementare Mazzini,5,40.0,421.0355094569922,1528.963866896443,0.27537309322530185
genova_0191,Scuola dell'Infanzia di Villa Sciallero,5,40.0,2164.830112991333,8682.299892177583,0.24933832508385956
genova_0192,Nido d'infanzia comunale Camelot,5,40.0,2813.8390376132725,11417.8524846673,0.2464420556660628
genova_0193,Scuola primaria Duca Degli Abruzzi,5,40.0,2248.0257458877563,9905.808263702393,0.22694016339132478
genova_0194,Scuola vespertina,5,40.0,2472.14751373291,9919.770778160095,0.2492141773251176
genova_0195,"Istituto alberghiero ""Nino Bergese""",5,40.0,2820.625961151123,5505.195386858881,0.5123571032345317
genova_0196,Scuola Primaria Giustiniani,5,40.0,1489.8565150833133,5638.049191303253,0.26425035762040383
genova_0197,Istituto Comprensivo Sestri Est,5,40.0,583.560453567505,6417.062824641094,0.0909388718038838
genova_0198,Scuola Primaria Tommaseo,5,40.0,565.8619910049438,6833.535313541889,0.08280662424961581
genova_0199,IIS Carlo Rosselli,5,40.0,1802.7902480030061,5001.936005786956,0.360418495142137
genova_0200,Scuola Primaria Enrico Fermi,5,40.0,1376.8182033681871,3148.87082159996,0.43724188173226414
genova_0201,Asilo Nido Comunale Girotondo,5,40.0,715.3219998335838,1377.7535939981044,0.5191944357465186
genova_0202,La Soffitta dei Sogni,5,40.0,370.52464784622197,1008.1083606380224,0.36754446477531477
genova_0203,Asilo Nido Erba Voglio,5,40.0,382.9520946887135,2379.0475118392706,0.1609686619468346
genova_0204,Umberto e Margherita nido e scuola dell'infanzia,5,40.0,3391.1571717643747,7233.656660963893,0.4688026168099191
genova_0205,Scuola infanzia Villa Ronco,5,40.0,3410.9116191530225,11409.9599635087,0.2989415940162621
genova_0206,Scuola materna statale Il piccolo principe,5,40.0,3339.052857198715,8259.489149965942,0.4042686898150939
genova_0207,Scuola Materna Il Pratone,5,40.0,909.2935500523447,2341.985597549081,0.38825753284048053
genova_0208,Istituto Comprensivo Centro Storico,5,40.0,1521.8946431064605,5547.812651557922,0.2743233664675187
genova_0209,Scuola Elementare Anna Frank,5,40.0,2200.597503544688,8848.504234842509,0.24869711819535065
genova_0210,Scuola Primaria Guglielmo Marconi,5,40.0,2916.8541950440404,6384.5967741274835,0.4568580128449312
genova_0211,"Istituto Secondario Superiore Statale ""Edoardo Firpo - Michelangelo Buonarroti""",5,40.0,1112.763804578781,9471.358288345338,0.11748724635916848
genova_0212,Istituto Odero,5,40.0,1956.8309675979615,6036.884279132355,0.3241458469499112
genova_0213,Scuola Primaria Giosué Carducci,5,40.0,618.9442753791809,6773.799190457315,0.09137328373287584
genova_0214,"Scuola Primaria ""Gianni Rodari""",5,40.0,2042.1797159576413,7167.294593296052,0.2849303442707377
genova_0215,Istituto Scolastico Vittorino Bernini,5,40.0,1346.806115846634,4000.4132028007507,0.33666675105054505
genova_0216,Padiglione E,5,40.0,721.7253416445851,3973.300070986301,0.18164380458318358
genova_0217,Scuola elementare San Giacomo,5,40.0,567.9369485783577,1694.7139999401384,0.3351225921296565
genova_0218,Scuola primaria Pino,5,40.0,408.60512307763105,1259.9354778133984,0.3243063873292622
genova_0219,Scuola elementare di Stato Montesignano,5,40.0,1477.291124897003,2816.9859212621486,0.5244226155859181
genova_0220,Istituto Comprensivo Bolzaneto,5,40.0,1657.0350256609918,4525.578437019289,0.36614878047553534
genova_0221,Scuola Elementare Statale Cesare Battisti,5,40.0,3326.1691291713714,8503.720536693036,0.39114280800023404
genova_0222,Plesso Gabriello Chiabrera,5,40.0,1552.578144479096,4462.552086282289,0.3479126101971248
genova_0223,Scuola Elementare di Stato Ettore Vernazza,5,40.0,1193.6441353130342,3967.4009586477277,0.30086299513318737
genova_0224,Scuola Elementare Gerolamo da Passano,5,40.0,2140.261564540863,8719.425948129445,0.24545899893788395
genova_0225,Scuole Elementari di Stato Armando Diaz,5,40.0,1911.0878248596193,7764.4658397221565,0.2461325562259162
genova_0226,Scuola infanzia Garbarino,5,40.0,984.3994847869873,6345.817996920627,0.1551257040880588
genova_0227,Istituto di Istruzione Superiore Aldo Gastaldi - Giuseppe Cesare Abba,5,40.0,1868.0012739181518,4663.576186272744,0.40055125065108216
genova_0228,,5,40.0,1968.2565350723269,5873.901108696536,0.33508506504446384
genova_0229,"Istituto comprensivo Quezzi ""Gilberto Govi""",5,40.0,2387.1007342624666,5091.361029619575,0.4688531652686257
genova_0230,Istituto Comprensivo Molassana,5,40.0,1706.9911195182801,3743.213630143404,0.45602289588074746
genova_0231,Asilo Infantile Lorenzo Stallo,5,40.0,2553.379735734463,4863.415126714706,0.525017846350143
genova_0232,Scuola Elementare Giovanni da Verrazzano,5,40.0,824.9481378827988,2341.452247952074,0.35232328082041003
genova_0233,,5,40.0,2695.967889251709,5357.407682040632,0.5032224630373504
genova_0234,Il Sole del Mirto,5,40.0,2484.817159366608,8145.057384364008,0.30507055286518775
genova_0235,Istituto Opera Pia Causa,5,40.0,753.238415107727,4415.9721293330185,0.17057136980198626
genova_0236,Scuola Elementare A. G. Barrili,5,40.0,3064.2385876083376,7697.365926418306,0.3980892446715433
genova_0237,Scuola Primaria Vittorio Alfieri,5,40.0,1327.2137027078866,2172.1016357087715,0.6110274403779489
genova_0238,Scuola Elementare di Stato Giovanni Daneo,5,40.0,4036.8985012245175,8845.471327552794,0.4563802596533173
genova_0239,Scuola primaria Maria Mazzini,5,40.0,2056.2115296936036,8168.938714475632,0.2517109751417192
genova_0240,Scuola primaria Villa Banfi,5,40.0,863.7314121627808,3652.370365934614,0.23648516596748767
genova_0241,Asilo Nido comunale Il Veliero,5,40.0,2182.651156368255,7023.910680214018,0.31074585878728034
genova_0242,Asilo nido Lo Smeraldo,5,40.0,693.7607230949402,4129.134973638058,0.16801599548674678
genova_0243,Istituto Paritario Santa Maria Ad Nives,5,40.0,702.4700610354545,3421.8497250108794,0.20528957069651008
genova_0244,ITIS Italo Calvino,5,40.0,1188.4924987983704,7479.657829591036,0.15889664017736937
genova_0245,Scuola comprensiva di Via Mogadiscio,5,40.0,362.52152737617484,1606.9463785324956,0.22559653030068044
genova_0246,,5,40.0,2371.506419696808,4463.228878308535,0.5313432235623006
genova_0247,Bixio Granarolo,5,40.0,2664.7894994735716,8977.455664253235,0.29683126256856146
genova_0248,Scuola primaria Teglia,5,40.0,1452.4590698611737,2316.3311041855814,0.6270515761915895
genova_0249,Asilo Nido Villa Letizia,5,40.0,1642.212370824814,3968.3684920656215,0.41382557444155266
genova_0250,Scuola Elementare di Stato Ludovico Ariosto,5,40.0,4739.9430803680425,8084.624686136823,0.5862910480551928
genova_0251,Istituto di Istruzione Superiore Aldo Gastaldi - Giuseppe Cesare Abba,5,40.0,1544.4881093573572,2546.823965113163,0.6064369310615981
genova_0252,Scuola materna Villa Banfi,5,40.0,1231.6176923656465,3657.15214112306,0.33676960783683285
genova_0253,Scuola elementare Don Bosco,5,40.0,1228.70033162117,2060.6989759756625,0.5962541574222053
genova_0254,,5,40.0,4049.6356042289735,6689.459672415257,0.6053755912346858
genova_0255,IPSIA Piero Gaslini - Succursale,5,40.0,2940.7991564941403,8069.480831165314,0.3644347409732256
genova_0256,Nido d'infanzia Villa Savoretti,5,40.0,2940.7991564941403,8145.202990703583,0.36104676087883647
genova_0257,Scuola dell'Infanzia Eugenia Ravasco,5,40.0,854.7459321914612,1843.331056547677,0.4636963768148576
genova_0258,Scuola dell'Infanzia statale Villa Parodi,5,40.0,1498.874691790566,5222.459604665489,0.28700551181890327
genova_0259,Scuola elementare Bruno Ball - Scuola Materna Il Glicine,5,40.0,808.633114285469,3363.9506131656844,0.24038198156675536
genova_0260,Scuola primaria Mario Emanuelli,5,40.0,527.4169265270234,3457.7197056996256,0.15253316388186164
genova_0261,Istituto Nautico San Giorgio,5,40.0,139.28251112326979,2138.063913572803,0.06514422241499895
genova_0262,Scuola elementare di Stato Jessie Mario,5,40.0,2134.4080346298224,6017.984330744147,0.3546715839264897
genova_0263,"Asilo nido ""Pollicino""",5,40.0,567.9369485783577,1670.8799807894043,0.3399028985373545
genova_0264,Istituto d'Istruzione Superiore Statale Einaudi Casaregis Galilei,5,40.0,2298.6993951416016,7016.8170985913275,0.32759859104822336
genova_0265,Mameli,5,40.0,2247.989784126282,7932.3266128730775,0.2833960190794593
genova_0266,San Marino,5,40.0,376.8415361857414,1192.8006655912648,0.315930018364756
genova_0267,"Istituto comprensivo Quezzi ""Susanna Fontanarossa""ex Govi",5,40.0,2202.3114468479157,4884.773207751856,0.45085234322710693
genova_0268,Villa Stalder,5,40.0,2015.8314451217652,5454.234978199005,0.3695901355880702
genova_0269,IPSIS Gaslini Meucci,5,40.0,717.2615818023681,1575.1621110787244,0.4553573100556381
genova_0270,Istituto Santa Caterina,5,40.0,214.5822936528921,707.2167339813569,0.30341800941965374
genova_0271,Scuola dell'infanzia Carlo Garrone,5,40.0,533.122498626709,844.082419975996,0.6316000499594221
genova_0272,Scuola dell'infanzia Il Giardino della Fenice,5,40.0,494.80326820373534,767.4997123360633,0.6446950536276904
genova_0273,Nido d'infanzia Alice,5,40.0,563.1682373189926,1845.2896700746567,0.30519232099543914
genova_0274,,5,40.0,113.43143436908721,320.21220509766135,0.3542383224727234
genova_0275,,5,40.0,113.43143436908721,320.21220509766135,0.3542383224727234
genova_0276,,5,40.0,113.43143436908721,320.21220509766135,0.3542383224727234
genova_0277,Scuola Materna del Camoscio,5,40.0,992.1191448545455,6277.2314856171615,0.15805043148842915
genova_0278,,5,40.0,2476.387733917236,9150.142525866031,0.27063925254900373
genova_0279,Scuola dell'infanzia Bertani,5,40.0,1405.7241490745544,5981.350573577881,0.23501784952786817
genova_0280,Scuola elementare Walt Disney,5,40.0,1420.0850717353821,6454.592654867172,0.22001157124370163
genova_0281,,5,40.0,513.2645903092623,1915.45451280538,0.2679596862665945
genova_0282,Asilo dell'Infanzia G. Lombardo Radice,5,40.0,1039.4322019958497,6367.706168390512,0.16323495062564647
genova_0283,Scuola Primaria Giosuè Borsi,5,40.0,446.8901293087005,6203.842360771894,0.0720344108248904
genova_0284,Scuola dell'infanzia San Paolo,5,40.0,2013.1295596027376,7803.941844849586,0.25796316779722733
genova_0285,Scuola Primaria Prato,5,40.0,431.48813964843754,2550.5394620892403,0.16917524549688395
genova_0286,Scuola Comunale dell'Infanzia Coccinella,5,40.0,625.9612682247162,1359.2858856128155,0.4605074435408487
genova_0287,Istituto Alberghiero Marco Polo,5,40.0,595.7354332387447,2603.472387597114,0.22882341140886125
genova_0288,Istituto Santa Marta,5,40.0,95.21043182373047,5936.786504129916,0.016037368323334095
genova_0289,Scuola dell'infanzia Casa dei Bambini,5,40.0,1031.9887911623716,2695.1974312606176,0.3828991446758994
genova_0290,Scuola Elementare Elsa Morante,5,40.0,740.1192665690182,1819.1130316302183,0.4068572176110201
genova_0291,Scuola Primaria E.A. D'Albertis,5,40.0,1922.908902716637,4265.941303184032,0.450758406188432
genova_0292,Istituto Byron,5,40.0,1199.1511862128273,4667.961135031972,0.25688971084473566
genova_0293,,5,40.0,4049.6356042289735,6730.71788589716,0.6016647366418603
genova_0294,,5,40.0,1228.70033162117,2079.195636217743,0.5909498414763386
genova_0295,Scuola dell'infanzia Don Bosco,5,40.0,1228.70033162117,2065.5760852951926,0.5948463193238297
genova_0296,Scuola dell'infanzia Bertoncini,5,40.0,2465.1752023959157,7388.794336121082,0.33363700358319437
genova_0297,Scuola primaria Natale Gallino,5,40.0,720.5676733082532,1661.4425355193207,0.43370002747824427
genova_0298,Scuola Primaria San Giovanni Battista,5,40.0,3159.183611297608,8375.321232833863,0.37720148558751704
genova_0000,Scuola Materna Statale,10,40.0,15409.8881834507,31913.164670476912,0.4828693218791458
genova_0001,Asilo 'Delia Repetto',10,40.0,5728.011773749293,17306.458017746154,0.3309753947269714
genova_0002,Scuola Primaria Pietro Thouar,10,40.0,5607.4236545693875,7687.301793468463,0.7294397703149563
genova_0003,Scuola dell'infanzia Tollot Orientale,10,40.0,2926.2441777622694,13301.903335016967,0.2199868773710749
genova_0004,Scuola Primaria A. De Scalzi-F.lli Polacco,10,40.0,3080.611969801187,14131.95445515275,0.21798909553362902
genova_0005,Asilo Nido La Filastrocca,10,40.0,7958.085769270061,15813.467122038324,0.5032473718669407
genova_0006,Asilo nido 'Camelot',10,40.0,8877.471435409636,14667.170374310175,0.6052613564071427
genova_0007,Scuola dell'infanzia comunale Santa Sofia,10,40.0,9279.272889747397,14284.335573024973,0.6496117962441804
genova_0008,Asilo Il Castello,10,40.0,3628.174613967091,10651.063618012891,0.34063965291045545
genova_0009,,10,40.0,2182.60345122993,9618.24867585376,0.22692316707398838
genova_0010,Asilo Nido Comunale 'Arcobaleno',10,40.0,16611.59389855385,29410.351690989024,0.5648213279830802
genova_0011,Scuola Materna Paritaria 'Virgina Centurione Bracelli',10,40.0,12621.332597885132,29286.376286864168,0.4309625907369832
genova_0012,Scuola Elementare di Stato A. Silvio Novaro,10,40.0,1113.8104298162461,4956.674423168519,0.22470921725463072
genova_0013,Scuola Elementare Statale Sacro Cuore,10,40.0,3660.37165145576,8493.9023001647,0.43094110599609603
genova_0014,Scuola Comunale dell'infanzia Colombo,10,40.0,8814.054728565217,16348.739410534501,0.5391274829963819
genova_0015,Scuola d'infanzia Statale Antonio Burlando,10,40.0,6212.859990188102,14518.23346340486,0.42793498298869775
genova_0016,Scuola Primaria Statale Antonio Burlando,10,40.0,6212.859990188102,14812.397015515315,0.4194365019841429
genova_0017,Scuola Primaria Statale 'Giovine Italia',10,40.0,8150.212408313751,25435.75364911139,0.3204234685060524
genova_0018,Scuola Elementare statale Carlo Palli,10,40.0,4975.7372354631125,12005.253725891373,0.4144633132352787
genova_0019,Scuola Vespertina 'Rosanna Benzi',10,40.0,4820.301647248268,11710.049644637964,0.41163801978034187
genova_0020,Scuola Elementare di Stato A. G. Brignole Sale,10,40.0,4362.541989374161,11577.393409507275,0.37681556072817496
genova_0021,Scuola Infanzia Emanuele Luzzati,10,40.0,10228.34349995613,32684.0209585762,0.312946302198238
genova_0022,I.T.C. Eugenio Montale,10,40.0,10228.34349995613,32623.691957721712,0.31352501467986615
genova_0023,Scuola Elementare Statale Gilberto Govi,10,40.0,4674.071266550123,9028.765363976061,0.517686646858632
genova_0024,Scuola primaria G. Embriaco,10,40.0,6498.957225654125,14189.300135840196,0.45801816604320494
genova_0025,Scuola Materna San Bernardo,10,40.0,5102.384575354643,11659.528414901066,0.4376150041226121
genova_0026,,10,40.0,4934.993536995613,16173.73156078118,0.30512399185369293
genova_0027,Asilo nido comunale Cantaegua,10,40.0,702.8634423226118,2955.2159091105814,0.2378382710230298
genova_0028,Scuola dell'infanzia Comunale Maddalena,10,40.0,11079.148983240128,19117.178338713496,0.5795389249889535
genova_0029,Scuola elementare (primaria) - Paritaria N.S. del Monte,10,40.0,9590.041376036705,20468.94285463741,0.4685166910739604
genova_0030,Scuola materna (dell'infanzia) - Paritaria Nostra Signora del Monte,10,40.0,9461.590650475324,20368.29203420369,0.46452548081041056
genova_0031,Scuola primaria dieci dicembre,10,40.0,9547.611173895337,21818.55662603127,0.43759132822307223
genova_0032,Scuola Primaria Giovanni Pascoli (succursale),10,40.0,7967.968906841818,10872.376060796101,0.7328636226604532
genova_0033,Scuola Infanzia Primavera,10,40.0,1801.0566694098711,6200.697353656478,0.29046034126271447
genova_0034,Scuola Materna Comunale Tina Quaglia,10,40.0,4220.6702612102035,11579.351737319492,0.3644997023112494
genova_0035,Scuola elementare di Stato Emilio Salgari,10,40.0,14235.854881361061,27271.622085633673,0.5220024990321467
genova_0036,Gesù Nazareno,10,40.0,10907.715800585745,22998.035246260166,0.47428902877081675
genova_0037,La vita è bella,10,40.0,3985.0741968619827,15203.499113303424,0.2621155937303241
genova_0038,Giovanni Lombardo Radice,10,40.0,4622.128863147199,18170.89071462393,0.2543699665436494
genova_0039,Scuola Primaria Aldo Moro,10,40.0,2291.183312996924,9172.912351818588,0.24977708552319072
genova_0040,Scuola primaria Edmondo De Amicis,10,40.0,1721.4687980149945,6115.736364300202,0.2814818519751505
genova_0041,Scuola per l'infanzia Peter Pan,10,40.0,3996.564327714443,7429.026819174345,0.5379660654070189
genova_0042,Scuola dell'infanzia Mimosa,10,40.0,702.8634423226118,2955.205554963829,0.23783910433642058
genova_0043,Scuola Materna Statale Felice Cavallotti,10,40.0,4674.071266550123,8373.103482395112,0.5582244715328794
genova_0044,Scuola di infanzia Albero D'Oro,10,40.0,12524.75068938017,28010.497042248993,0.4471448925197132
genova_0045,Scuola infanzia Il Gabbiano,10,40.0,2136.4044512104338,6780.33346862361,0.31508840399912047
genova_0046,Asilo Nido Comunale Il Girasole,10,40.0,14473.596797790527,32406.02026420593,0.44663296139999453
genova_0047,Micronido Pratorotondo,10,40.0,8503.165570655969,12422.506986225624,0.6844967428945288
genova_0048,Asilo Nido Lo Scoiattolo,10,40.0,6316.271130565404,9697.705444888472,0.6513160423834716
genova_0049,Asilo Nido Nati sotto al cavolo,10,40.0,8054.527888011933,25931.79147491515,0.31060437516642064
genova_0050,,10,40.0,4796.154322128892,11626.685007626982,0.4125126223839956
genova_0051,Asilo Infantile Borgopila,10,40.0,9327.7032498765,19393.657270440606,0.48096669544086373
genova_0052,Scuola Elementare G.B. Perasso,10,40.0,4583.852355559468,15650.637414243007,0.2928859850390433
genova_0053,Scuola Materna San Martino d'Albaro,10,40.0,4583.852355559468,15160.103882725622,0.30236285918743594
genova_0054,Istituto Paritario Maria Ausiliatrice,10,40.0,20476.23391340971,35585.18032705188,0.5754146452320676
genova_0055,Istituto Suore dell'Immacolata,10,40.0,5646.238324452042,14947.887063938975,0.37772818996427315
genova_0056,Scuola materna comunale Maria Mazzini,10,40.0,9149.224043291106,17838.386201408524,0.5128952776327199
genova_0057,Scuola Materna Suore Medee,10,40.0,9001.692116584776,21489.236703407165,0.4188930598524953
genova_0058,Istituto Champagnat,10,40.0,6443.6845343208315,14286.390129047631,0.45103657929789326
genova_0059,Asilo Nido Comunale Centofiori,10,40.0,1801.0566694098711,6200.697353656478,0.29046034126271447
genova_0060,Asilo nido Casetta degli Orsacchiotti,10,40.0,1591.3350504986709,8402.683372084693,0.18938415028053865
genova_0061,Scuola Infanzia Chighizola,10,40.0,6479.631086956859,11441.286617976428,0.5663376247192454
genova_0062,Scuola elementare Papa Giovanni XXIII,10,40.0,9688.362270374299,30507.923682171797,0.3175687198941034
genova_0063,Asilo L'Aquilone,10,40.0,5307.967050933539,11026.743295964301,0.4813721430221571
genova_0064,Scuola Materna Suore figlie di San Giuseppe,10,40.0,5159.4203301832085,10494.58047104746,0.4916271159592384
genova_0065,Scuola Primaria Ada Negri,10,40.0,6255.809620767775,13305.526865630689,0.47016624624817116
genova_0066,Scuola Materna Viale Modugno 18,10,40.0,5257.03997005105,13231.01957040364,0.3973268985113195
genova_0067,Scuola Materna Venerabile Maria Cristina,10,40.0,105.41594915016148,152.72727590014634,0.6902234622392062
genova_0068,Deledda International School,10,40.0,2715.6651153714956,11650.626053978885,0.2330917757371545
genova_0069,Scuola superiore di primo grado Don Milani - Colombo,10,40.0,6209.174615392685,24985.991297781467,0.24850623460931104
genova_0070,Scuola dell'infanzia Comunale San Luigi,10,40.0,7293.564235348702,24661.96406306028,0.29574141851391744
genova_0071,Scuola Materna elementare suore Benedettine della provvidenza,10,40.0,2686.7848522138597,8069.6736281511185,0.3329483912262561
genova_0072,Scuola Infanzia Emma Valle,10,40.0,5011.160504946197,7701.316843121518,0.6506887857005842
genova_0073,Asilo Nido Mongolfiera,10,40.0,8816.156766307355,17764.011906802058,0.4962931128711719
genova_0074,Scuola Infanzia Firpo,10,40.0,11547.272731342317,20413.81058560717,0.565659835184508
genova_0075,Scuola infanzia San Fruttuoso,10,40.0,10495.968191349508,24707.974893730283,0.4248008279307783
genova_0076,Scuola dell'infanzia Monticelli,10,40.0,8816.133170547486,25104.228399318883,0.35118120462872626
genova_0077,,10,40.0,5367.308179037869,14830.749622161195,0.3619040382839208
genova_0078,Asilo Nido Le Giuggiole,10,40.0,3277.508797237333,4334.815981058553,0.7560894883563136
genova_0079,Scuola dell'infanzia Jean Piaget,10,40.0,7987.02650528215,12321.357564504007,0.648226176658616
genova_0080,Scuola elementare Domenico Ferrero,10,40.0,9304.144527243376,12266.926311775642,0.7584739885746161
genova_0081,Scuola elementare (primaria) - Paritaria Contubernio D'Albertis,10,40.0,15428.386813147066,29969.700529707818,0.5147994988422889
genova_0082,ISFORCOOP,10,40.0,13865.710671756267,27621.55166107759,0.5019888397976889
genova_0083,,10,40.0,6021.774285282492,11890.449311653087,0.5064379089006272
genova_0084,Istituto Eugenia Ravasco,10,40.0,7308.322006684541,12946.626330995467,0.5644962494350915
genova_0085,Scuola dell'Infanzia paritaria San Filippo Neri,10,40.0,9492.924015769959,22524.50078840297,0.4214488083419595
genova_0086,Scuola dell’Infanzia paritaria Don Daste,10,40.0,4329.875408448279,10134.149935841933,0.4272559056122311
genova_0087,Scuola Primaria Evasio Montanella,10,40.0,4458.068270822763,9591.155224363098,0.4648103556387601
genova_0088,Scuola dell'Infanzia Branega,10,40.0,4458.068270822763,9473.966069911014,0.4705598730167963
genova_0089,Scuola dell'Infanzia Nuova Cantina,10,40.0,2291.183312996924,8765.97632153025,0.2613722908844179
genova_0090,Asilo Nido La Gabbianella,10,40.0,377.3114723418094,777.2766023230458,0.4854275443441099
genova_0091,Nido d'infanzia Oleandro,10,40.0,10335.115879466533,19034.63958022855,0.5429635710151145
genova_0092,Asilo Nido l’Arca di Noè,10,40.0,7434.17923989892,18292.483790294158,0.40640622263901827
genova_0093,Asilo Tollot - Scuola Materna,10,40.0,7968.708549106792,18720.797215945313,0.4256607481608474
genova_0094,,10,40.0,5510.537670440227,15223.984408822991,0.3619642218791698
genova_0095,Fabbrica dei sogni,10,40.0,3827.491398682422,10422.791016459898,0.3672232699128251
genova_0096,Asilo nido Aquilone,10,40.0,966.7339995713531,2527.6395320586835,0.3824651368638702
genova_0097,Scuola Materna Doria,10,40.0,1882.669393150676,3473.1560757164284,0.5420629974892005
genova_0098,Gabbiano,10,40.0,5196.8617215422955,15432.32461083031,0.3367517112681242
genova_0099,Scuola Infanzia Fantasia,10,40.0,1967.8136158250738,7462.348956577471,0.2636989542134185
genova_0100,Scuola dell'Infanzia San Pietro,10,40.0,7638.8486778354645,17240.52433586024,0.4430751947576607
genova_0101,Asilo nido Nuvola,10,40.0,1521.4795370292663,7649.504997996422,0.1988990839835749
genova_0102,Locali parrocchiali e asilo statale,10,40.0,11861.2880279541,25941.743848869235,0.4572278601259536
genova_0103,Istituto Comprensivo Maddalena-Bertani,10,40.0,9675.57078438759,21038.410224610565,0.45990028148938666
genova_0104,"Scuola Primaria ""Giano Grillo""",10,40.0,8105.374079238176,20632.56615159154,0.3928437218951046
genova_0105,Scuola dell'infanzia Birulò,10,40.0,12666.210775780677,25460.318505967218,0.4974883080434385
genova_0106,Istituto Eugenia Ravasco - Scuola Materna,10,40.0,7308.322006684541,13066.549512715246,0.5593153723997837
genova_0107,Scuola dell'infanzia statale di Piazza Sarzano,10,40.0,7091.552868004217,13391.469398232923,0.5295574859723747
genova_0108,Nido d'infanzia comunale San Donato,10,40.0,9405.594074692875,16058.983742011711,0.5856904911166337
genova_0109,Asilo Nido Aziendale La Trottola,10,40.0,7429.764435910806,17793.945680194127,0.4175445159518858
genova_0110,Convitto Nazionale Cristoforo Colombo,10,40.0,6354.2680972099315,20608.047202414647,0.3083391664817907
genova_0111,Girandolina,10,40.0,5196.8617215422955,15198.487184446793,0.3419328291344975
genova_0112,Scuola Infanzia XVI Giugno,10,40.0,4769.6474723935125,16322.433433293441,0.292214239493524
genova_0113,Scuola materna Fantasia,10,40.0,2439.058621703982,4209.775634520547,0.5793797184114701
genova_0114,Istituto Agrario Bernardo Marsano - Succursale,10,40.0,2320.4528338456157,6470.435337607416,0.3586239121127905
genova_0115,Asilo Nido San Desiderio,10,40.0,845.5448999329237,1416.4911685631355,0.5969291716732905
genova_0116,Scuola Primaria San Desiderio,10,40.0,829.4118758875504,1426.4314672730047,0.581459323435417
genova_0117,Scuola Primaria 2 Giugno,10,40.0,1794.9083529072998,2672.0511567947988,0.6717342773707758
genova_0118,Azienda Agraria Succursale Istituto Marsano,10,40.0,761.7229147101939,2916.2010153549536,0.26120384387064577
genova_0119,Scuola Materna,10,40.0,5334.8115072822575,17208.11791184187,0.31001714043411305
genova_0120,Scuola dell'Infanzia Alice nel paese delle meraviglie,10,40.0,10790.58962001562,23626.665120990278,0.45671234449541936
genova_0121,Scuola dell'infanzia di Piazza S. Maria in Via Lata,10,40.0,6498.957225654125,14151.805493925829,0.4592316668317394
genova_0122,Scuola dell'Infanzia Statale Felice Cavallotti,10,40.0,5000.0325913876295,11134.371137658953,0.4490628639525399
genova_0123,Scuola dell'infanzia Il Delfino,10,40.0,3159.7931136626003,11608.343966004719,0.2722001624793443
genova_0124,Scuola Elementare di Stato Luigi Manfredi,10,40.0,1044.1234996879102,2224.9222228332796,0.4692853929780491
genova_0125,Centro Pedagogico l'Emile,10,40.0,4281.774997100234,5692.8180985876315,0.7521362746795875
genova_0126,Scuola Materna Comunale Gnecco Massa,10,40.0,4744.269466322004,7285.138966902689,0.6512256647231881
genova_0127,Scuola Elementare Angelo Gianelli,10,40.0,4921.526177451853,9086.452360473726,0.541633410071086
genova_0128,scuola Fabrizi,10,40.0,3182.701617759466,9909.303592171529,0.32118317782430633
genova_0129,Centro Infanzia Porto Antico,10,40.0,6678.902384743691,13324.493994770663,0.501249982728417
genova_0130,Scuola Edile Genovese,10,40.0,240.0124118295312,1466.0733868149296,0.16371104883839577
genova_0131,Scuola d'Infanzia e scuola primaria Suore Domenicane,10,40.0,5575.04880738616,9148.140129027204,0.6094188248927709
genova_0132,Scuola d'Infanzia e scuola primaria Suore Domenicane,10,40.0,5575.04880738616,9137.91354636653,0.6101008484155492
genova_0133,Scuola G. Baliano,10,40.0,10221.749197333678,16326.802570143267,0.6260717095964726
genova_0134,Asilo nido Oasis,10,40.0,9696.310801740812,14658.649044313654,0.6614736987309332
genova_0135,Asilo nido vico rosa,10,40.0,13151.6645900321,21007.20781611383,0.6260548619861778
genova_0136,Asilo nido yo-yo,10,40.0,12491.807761862277,21038.39000704132,0.5937625340000545
genova_0137,laboratorio migrazioni,10,40.0,8426.814106035232,15900.782115475722,0.5299622398972239
genova_0138,Nido d'infanzia comunale Sarzano,10,40.0,8119.5357798728355,15268.96072638545,0.5317674153056083
genova_0139,Scuola Primaria Giacomo Canepa,10,40.0,534.9386135677621,950.0003662667237,0.563093060342644
genova_0140,Scuola dell'Infanzia di Crevari,10,40.0,534.9386135677621,884.1660782585108,0.6050205122338541
genova_0141,World English,10,40.0,6536.4384079633655,14450.034427100643,0.45234760103439303
genova_0142,Scuola dell'Infanzia Arcobaleno,10,40.0,1794.9083529072998,2708.7075157897334,0.6626438411841552
genova_0143,Scuola materna Papa Giovanni XXIII,10,40.0,17512.34074774742,30426.298962494828,0.575565919776642
genova_0144,Scuola Elementare Doria,10,40.0,1545.2790330670962,3495.914027915131,0.442024323461026
genova_0145,Scuola Garaventa Don Gallo,10,40.0,9469.491208892017,16224.153563795613,0.583666270887826
genova_0146,Istituto comprensivo Oregina,10,40.0,11335.832999612689,27630.868046544754,0.41025974936861376
genova_0147,Accademia Italiana della Marina Mercantile,10,40.0,3357.422356338501,17190.310215740203,0.19530900339798973
genova_0148,Asilo nido comunale Acquerello,10,40.0,8378.760440923423,12326.782425379733,0.6797199911367228
genova_0149,,10,40.0,2458.2098711532353,4866.700938402964,0.5051080603197925
genova_0150,Nido d'infanzia comunale Lomellini,10,40.0,11207.777961263655,19741.491267808604,0.5677270176412448
genova_0151,Scuola Primaria Paritaria “S. M. ad Nives”,10,40.0,3350.757471574731,6097.2267869540865,0.5495543447299959
genova_0152,,10,40.0,80.05066459762864,2956.652361701595,0.027074763889914456
genova_0153,Micro - Nido San Filippo Neri,10,40.0,9492.924015769959,22496.777568102294,0.4219681679757449
genova_0154,La Monelleria,10,40.0,5713.195644934178,11396.366025694413,0.5013173174723524
genova_0155,Scuola dell'infanzia statale Girasole,10,40.0,12761.55346944809,22500.553932407318,0.5671661910095358
genova_0156,Scuola Materna Statale di Montesignano,10,40.0,3676.507755625844,7870.088045376679,0.4671495076583833
genova_0157,Villa Dufour,10,40.0,3673.1564458787443,9265.739538766256,0.39642345120007866
genova_0158,Scuola La nuvola Olga,10,40.0,8039.383373273825,15735.24640848299,0.5109156326233145
genova_0159,Scuola XII Ottobre,10,40.0,8039.383373273825,15093.878671306571,0.5326254138080939
genova_0160,Scuola primaria Camillo Sbarbaro,10,40.0,3709.0782191860676,9165.507172000518,0.404677902660623
genova_0161,Scuola dell'infanzia Guido Rossa,10,40.0,8123.219999499321,11630.4002540777,0.6984471576247999
genova_0162,Asilo nido Castello Raggio,10,40.0,7723.5662279152875,11519.853383788852,0.6704569902585883
genova_0163,,10,40.0,5139.120119892956,11880.236818849184,0.4325772455763868
genova_0164,Scuola dell'Infanzia La farfalla,10,40.0,3398.4942842597884,10332.472013423796,0.3289139597808264
genova_0165,Scuola dell'Infanzia Fumagalli,10,40.0,9547.611173895337,22169.09916340815,0.43067204055158104
genova_0166,Scuola dell'Infanzia A. Spinola,10,40.0,10754.1146567595,27666.9254836404,0.38869930318489726
genova_0167,Scuola primaria Ambrogio Spinola,10,40.0,10754.1146567595,27552.22803498622,0.39031742344407755
genova_0168,Scuola dell'infanzia Don Acciai,10,40.0,8434.851829824447,23222.323688805023,0.36322169748631594
genova_0169,Scuola primaria Mario Mazza,10,40.0,5842.75662809372,21545.463196115623,0.2711826882026419
genova_0170,Il Castello s.n.c. Asilo Nido,10,40.0,4855.600367012024,21132.72915178776,0.22976683854395855
genova_0171,"Scuola dell'Infanzia Paritaria""Padre Ottavio Assarotti""",10,40.0,5656.285314459801,15252.295736957785,0.37084812752181795
genova_0172,"Scuola dell'Infanzia ""Casa dei bambini""",10,40.0,5878.069647502899,16853.841569886954,0.34876734916064156
genova_0173,"Scuola primaria paritaria ""Padre Ottavio Assarotti""",10,40.0,3985.0741968619827,15212.541316761375,0.2619597944803066
genova_0174,Scuola Primaria Paritaria Ist. Figlie di San Giuseppe,10,40.0,5878.069647502899,16847.142148967534,0.34890603970259326
genova_0175,Scuola per l'Infanzia San Pio X,10,40.0,13046.492057378888,27311.223224327267,0.47769709727822895
genova_0176,Nido San Pio X,10,40.0,13046.492057378888,27677.673086025417,0.4713724313756029
genova_0177,Bernardo Marsano,10,40.0,615.3574255758524,1752.7765080929735,0.351075806147906
genova_0178,mYes,10,40.0,3183.485062280894,14768.152840203047,0.21556420066391488
genova_0179,Scuola Infanzia Giovine Italia,10,40.0,8150.212408313751,25180.16147780478,0.3236759389131722
genova_0180,Millepiedi,10,40.0,5059.618845210075,12275.508992546796,0.41217181693093746
genova_0181,Scuola primaria Stanislao Solari,10,40.0,18062.957340142726,31584.857542876154,0.5718866173647428
genova_0182,Scuola Primaria Italo D'Eramo,10,40.0,4886.431853182017,7231.908870075364,0.6756766354456422
genova_0183,Scuola dell'Infanzia Italo D'Eramo,10,40.0,4886.431853182017,7227.99346400084,0.6760426496674333
genova_0184,Scuola primaria San Paolo,10,40.0,7839.92511469841,19628.384190149533,0.3994177533285119
genova_0185,Istituo Vittorio Emanuele II Ruffini,10,40.0,7880.712005023957,20616.556917239428,0.38225160664117286
genova_0186,danzainfiore,10,40.0,5878.069647502899,16662.82522666052,0.3527654864973311
genova_0187,New Western Men Cesino,10,40.0,1.099320303928107,28.637653908046193,0.03838723337665715
genova_0188,Scuola Primaria di San Siro,10,40.0,1963.7208279037477,3395.1580885096455,0.578388627778376
genova_0189,Istituto Comprensivo Renzo Pezzani,10,40.0,4840.715490172971,11565.372077510867,0.41855250810182354
genova_0190,Scuola Elementare Mazzini,10,40.0,2183.7501142298524,6864.508356753795,0.31812185239476365
genova_0191,Scuola dell'Infanzia di Villa Sciallero,10,40.0,11520.630454616548,22730.183691013182,0.5068428223556967
genova_0192,Nido d'infanzia comunale Camelot,10,40.0,11297.029673349858,27930.3979122163,0.40447077441774365
genova_0193,Scuola primaria Duca Degli Abruzzi,10,40.0,8134.384110889436,24754.857089179808,0.3285974983246792
genova_0194,Scuola vespertina,10,40.0,8813.048173637391,25404.92188026538,0.3469031794379731
genova_0195,"Istituto alberghiero ""Nino Bergese""",10,40.0,11372.705771458446,15949.250125469529,0.7130558290823498
genova_0196,Scuola Primaria Giustiniani,10,40.0,6438.126548519134,18204.957239481213,0.353646892097979
genova_0197,Istituto Comprensivo Sestri Est,10,40.0,3724.7676967334746,13826.482049710881,0.2693937390105216
genova_0198,Scuola Primaria Tommaseo,10,40.0,3597.3856497716906,15276.03842655044,0.2354920529343048
genova_0199,IIS Carlo Rosselli,10,40.0,9019.042826219798,16394.480015736444,0.550126799847434
genova_0200,Scuola Primaria Enrico Fermi,10,40.0,3939.448160030842,5703.004754144676,0.690767118362971
genova_0201,Asilo Nido Comunale Girotondo,10,40.0,1868.9005466896294,2646.7918806658845,0.7061003021587962
genova_0202,La Soffitta dei Sogni,10,40.0,1150.0888688337802,1747.0830161736344,0.6582909101552838
genova_0203,Asilo Nido Erba Voglio,10,40.0,2182.60345122993,9350.225024511365,0.2334279063346918
genova_0204,Umberto e Margherita nido e scuola dell'infanzia,10,40.0,10691.684799826146,18243.63669808954,0.5860500829281352
genova_0205,Scuola infanzia Villa Ronco,10,40.0,15896.513308257128,28165.538410566827,0.564395861230661
genova_0206,Scuola materna statale Il piccolo principe,10,40.0,9612.15996794492,18986.865698446323,0.5062531183717949
genova_0207,Scuola Materna Il Pratone,10,40.0,2741.630164737105,9239.248572748453,0.29673735295137066
genova_0208,Istituto Comprensivo Centro Storico,10,40.0,6498.957225654125,14782.726826246326,0.4396318285551624
genova_0209,Scuola Elementare Anna Frank,10,40.0,9560.512082671523,26391.134622918442,0.3622622603868284
genova_0210,Scuola Primaria Guglielmo Marconi,10,40.0,10790.58962001562,23616.252101352213,0.4569137208438665
genova_0211,"Istituto Secondario Superiore Statale ""Edoardo Firpo - Michelangelo Buonarroti""",10,40.0,10361.052188901902,30453.90048672378,0.34022085917758704
genova_0212,Istituto Odero,10,40.0,6745.702964650243,15738.527289910036,0.42861081220572084
genova_0213,Scuola Primaria Giosué Carducci,10,40.0,4113.113387442678,19981.96142690821,0.20584132356015145
genova_0214,"Scuola Primaria ""Gianni Rodari""",10,40.0,9413.573723988533,20887.01501648254,0.45069023585036033
genova_0215,Istituto Scolastico Vittorino Bernini,10,40.0,5004.917844557762,11628.694341530278,0.4303937912172468
genova_0216,Padiglione E,10,40.0,3649.4549195409563,13878.039844729112,0.2629661652778019
genova_0217,Scuola elementare San Giacomo,10,40.0,1640.7769049203398,5630.643727119471,0.29140130053295515
genova_0218,Scuola primaria Pino,10,40.0,831.3576898813992,4631.931620169198,0.1794840161848138
genova_0219,Scuola elementare di Stato Montesignano,10,40.0,3450.271567569952,6022.527409946601,0.5728942905052787
genova_0220,Istituto Comprensivo Bolzaneto,10,40.0,5107.004446519613,8430.96215234913,0.6057439654258965
genova_0221,Scuola Elementare Statale Cesare Battisti,10,40.0,9636.384925312102,19212.95426277987,0.5015566473283136
genova_0222,Plesso Gabriello Chiabrera,10,40.0,4732.267448705998,16958.921293856336,0.2790429513002306
genova_0223,Scuola Elementare di Stato Ettore Vernazza,10,40.0,5000.0325913876295,11029.859207223057,0.45331789803022043
genova_0224,Scuola Elementare Gerolamo da Passano,10,40.0,8888.293418512345,18846.343140438657,0.4716189953816932
genova_0225,Scuole Elementari di Stato Armando Diaz,10,40.0,6917.772658405303,17372.746907080636,0.39819682491234687
genova_0226,Scuola infanzia Garbarino,10,40.0,5362.37321983613,18347.674211543555,0.29226446676616696
genova_0227,Istituto di Istruzione Superiore Aldo Gastaldi - Giuseppe Cesare Abba,10,40.0,5767.942624598522,11683.09193156071,0.4937000118108289
genova_0228,,10,40.0,4854.729470527321,15332.862942933774,0.31662250478568627
genova_0229,"Istituto comprensivo Quezzi ""Gilberto Govi""",10,40.0,7551.546089095518,10517.608057297752,0.7179908252861542
genova_0230,Istituto Comprensivo Molassana,10,40.0,4011.0175942742826,6538.606987929775,0.6134361036958781
genova_0231,Asilo Infantile Lorenzo Stallo,10,40.0,6592.454985074997,9677.665385403914,0.6812030301252092
genova_0232,Scuola Elementare Giovanni da Verrazzano,10,40.0,3347.802703050226,6045.841846987871,0.5537364006169218
genova_0233,,10,40.0,6761.203090786337,10958.404384716308,0.6169879166182433
genova_0234,Il Sole del Mirto,10,40.0,9752.25659379661,25874.844777019694,0.3769010665701814
genova_0235,Istituto Opera Pia Causa,10,40.0,3937.4378653717044,17721.163880753516,0.22218844607876184
genova_0236,Scuola Elementare A. G. Barrili,10,40.0,12891.35504142761,21857.934882717134,0.5897791859385895
genova_0237,Scuola Primaria Vittorio Alfieri,10,40.0,2685.227159072124,5642.847865555643,0.4758638232058226
genova_0238,Scuola Elementare di Stato Giovanni Daneo,10,40.0,13451.03584728241,20542.910590441188,0.6547775101324398
genova_0239,Scuola primaria Maria Mazzini,10,40.0,8704.282182345389,23333.922737295627,0.37303124212513805
genova_0240,Scuola primaria Villa Banfi,10,40.0,3542.369609516263,9009.711030703707,0.393172388930612
genova_0241,Asilo Nido comunale Il Veliero,10,40.0,7843.911070637423,20251.907653481456,0.3873171458634908
genova_0242,Asilo nido Lo Smeraldo,10,40.0,2303.3711879160996,9314.459522409867,0.24728983816767547
genova_0243,Istituto Paritario Santa Maria Ad Nives,10,40.0,4324.2561957430835,11283.262487439086,0.38324520062854106
genova_0244,ITIS Italo Calvino,10,40.0,8515.888682181834,19461.85853137566,0.43756811141406904
genova_0245,Scuola comprensiva di Via Mogadiscio,10,40.0,684.6126788214967,3067.7646828438837,0.22316336146970897
genova_0246,,10,40.0,8253.093457905055,11077.724891605889,0.7450170083352414
genova_0247,Bixio Granarolo,10,40.0,8163.632766246796,24675.677502176717,0.3308372289079664
genova_0248,Scuola primaria Teglia,10,40.0,3012.700332187414,4968.583860847541,0.6063499010105281
genova_0249,Asilo Nido Villa Letizia,10,40.0,4177.352578628983,7160.439640755474,0.5833933093790097
genova_0250,Scuola Elementare di Stato Ludovico Ariosto,10,40.0,9679.212038125694,12167.247019538572,0.7955137281738828
genova_0251,Istituto di Istruzione Superiore Aldo Gastaldi - Giuseppe Cesare Abba,10,40.0,3531.0163396877047,4961.3809972180425,0.7117002991037424
genova_0252,Scuola materna Villa Banfi,10,40.0,3969.694283983931,9338.50200483702,0.4250889791454526
genova_0253,Scuola elementare Don Bosco,10,40.0,2229.2867137932776,5723.560525157489,0.3894929919924166
genova_0254,,10,40.0,8123.219999499321,11534.463571527987,0.7042564180922049
genova_0255,IPSIA Piero Gaslini - Succursale,10,40.0,10247.231824359893,20802.924736069443,0.4925861124994884
genova_0256,Nido d'infanzia Villa Savoretti,10,40.0,10247.231824359893,20148.891040852068,0.5085754746295235
genova_0257,Scuola dell'Infanzia Eugenia Ravasco,10,40.0,1294.684342400469,7388.143994917622,0.17523810354685768
genova_0258,Scuola dell'Infanzia statale Villa Parodi,10,40.0,6007.163594054542,14925.657275925001,0.4024722987405092
genova_0259,Scuola elementare Bruno Ball - Scuola Materna Il Glicine,10,40.0,2979.596989045143,8292.964147042592,0.3592921585351019
genova_0260,Scuola primaria Mario Emanuelli,10,40.0,2981.4346067506076,8128.061593922936,0.36680758041741723
genova_0261,Istituto Nautico San Giorgio,10,40.0,1648.8062503404917,10788.969264795798,0.15282333370996942
genova_0262,Scuola elementare di Stato Jessie Mario,10,40.0,8415.034705896378,16184.591787777543,0.5199411153669835
genova_0263,"Asilo nido ""Pollicino""",10,40.0,1640.7769049203398,5304.299515326525,0.30932961085236454
genova_0264,Istituto d'Istruzione Superiore Statale Einaudi Casaregis Galilei,10,40.0,6931.314067902718,18134.176157747286,0.38222381913619613
genova_0265,Mameli,10,40.0,7440.557818775177,23606.301128113373,0.31519371791432493
genova_0266,San Marino,10,40.0,1111.3329092012345,2446.19291222926,0.4543112293578092
genova_0267,"Istituto comprensivo Quezzi ""Susanna Fontanarossa""ex Govi",10,40.0,6622.486423473618,10327.412409432627,0.6412532162872585
genova_0268,Villa Stalder,10,40.0,5362.896903191805,9851.959412820079,0.5443482538319451
genova_0269,IPSIS Gaslini Meucci,10,40.0,1869.0297692799568,5929.0976228288,0.31523005492161793
genova_0270,Istituto Santa Caterina,10,40.0,986.3244241762161,2836.3657887726367,0.3477423215582579
genova_0271,Scuola dell'infanzia Carlo Garrone,10,40.0,1046.3735643343252,1633.9504174628482,0.6403949306852924
genova_0272,Scuola dell'infanzia Il Giardino della Fenice,10,40.0,905.1734641460702,1567.5783138692004,0.5774342858264357
genova_0273,Nido d'infanzia Alice,10,40.0,2000.8902903062105,3627.1812953586973,0.5516377945779904
genova_0274,,10,40.0,350.69747578829526,1377.7704297683294,0.25453984801173635
genova_0275,,10,40.0,350.69747578829526,1344.9783801562198,0.26074580897542876
genova_0276,,10,40.0,350.69747578829526,1345.2017246464502,0.26070251722318194
genova_0277,Scuola Materna del Camoscio,10,40.0,3471.435637254715,22071.549321663166,0.15728101306633288
genova_0278,,10,40.0,9619.634113695622,22434.06205160588,0.42879591273159673
genova_0279,Scuola dell'infanzia Bertani,10,40.0,7124.385256118774,20624.159280597494,0.3454388205206092
genova_0280,Scuola elementare Walt Disney,10,40.0,4574.804748165011,18841.31700844869,0.24280705781414377
genova_0281,,10,40.0,1967.8136158250738,7034.9988595053455,0.2797176879661125
genova_0282,Asilo dell'Infanzia G. Lombardo Radice,10,40.0,4622.128863147199,18338.515491737202,0.25204487600044806
genova_0283,Scuola Primaria Giosuè Borsi,10,40.0,3122.1662643831637,20099.127957672696,0.1553383943302525
genova_0284,Scuola dell'infanzia San Paolo,10,40.0,7839.92511469841,19628.384190149533,0.3994177533285119
genova_0285,Scuola Primaria Prato,10,40.0,2221.4298410487177,4814.988254483715,0.4613572710130961
genova_0286,Scuola Comunale dell'Infanzia Coccinella,10,40.0,1478.6501396484673,2841.641633685753,0.5203506741033292
genova_0287,Istituto Alberghiero Marco Polo,10,40.0,2997.5450467927753,9033.292437408567,0.33183305727813883
genova_0288,Istituto Santa Marta,10,40.0,741.8493711280823,20808.82788222931,0.035650704370601284
genova_0289,Scuola dell'infanzia Casa dei Bambini,10,40.0,3405.429713505851,5371.123107595509,0.6340256302615934
genova_0290,Scuola Elementare Elsa Morante,10,40.0,2434.593990098834,6379.059303257987,0.38165407693504433
genova_0291,Scuola Primaria E.A. D'Albertis,10,40.0,4652.449816251993,7313.235419281002,0.6361684739405528
genova_0292,Istituto Byron,10,40.0,6156.607375160721,13656.748064251224,0.45081064292872547
genova_0293,,10,40.0,8123.219999499321,11481.63775720456,0.7074966282055117
genova_0294,,10,40.0,2229.2867137932776,5734.131244838274,0.3887749719366866
genova_0295,Scuola dell'infanzia Don Bosco,10,40.0,2229.2867137932776,6143.0813011622795,0.3628938971345688
genova_0296,Scuola dell'infanzia Bertoncini,10,40.0,8991.558587975502,23888.7222168462,0.3763934506984514
genova_0297,Scuola primaria Natale Gallino,10,40.0,2439.058621703982,4224.144129396276,0.577408948887494
genova_0298,Scuola Primaria San Giovanni Battista,10,40.0,13709.548382205963,22969.76756180885,0.596851855175079
genova_0000,Scuola Materna Statale,15,40.0,34310.22828186989,58026.71498787671,0.5912833130229445
genova_0001,Asilo 'Delia Repetto',15,40.0,15091.180358737782,36836.94712262571,0.40967510984287275
genova_0002,Scuola Primaria Pietro Thouar,15,40.0,7409.441336771157,11457.281971975248,0.6467014912345533
genova_0003,Scuola dell'infanzia Tollot Orientale,15,40.0,12922.687664555311,38552.31146017149,0.33519877732638104
genova_0004,Scuola Primaria A. De Scalzi-F.lli Polacco,15,40.0,13280.0703207767,38857.82669888444,0.34176050101015953
genova_0005,Asilo Nido La Filastrocca,15,40.0,17221.14862453297,36626.61232713924,0.4701813116298666
genova_0006,Asilo nido 'Camelot',15,40.0,16156.926452884854,34419.16954346689,0.46941651025254344
genova_0007,Scuola dell'infanzia comunale Santa Sofia,15,40.0,16180.885059967564,24166.99008788867,0.6695449040663382
genova_0008,Asilo Il Castello,15,40.0,10982.973752124795,21623.205599141344,0.5079253259544888
genova_0009,,15,40.0,5728.115933188796,20397.527225581554,0.2808240366511133
genova_0010,Asilo Nido Comunale 'Arcobaleno',15,40.0,29948.916015839575,53875.48925222941,0.5558913047754878
genova_0011,Scuola Materna Paritaria 'Virgina Centurione Bracelli',15,40.0,25606.25827355385,52940.786745646474,0.48367732796603274
genova_0012,Scuola Elementare di Stato A. Silvio Novaro,15,40.0,3240.8142821500637,13933.554780603303,0.23259062982703838
genova_0013,Scuola Elementare Statale Sacro Cuore,15,40.0,7002.106693481355,20669.393222162875,0.33876692064541625
genova_0014,Scuola Comunale dell'infanzia Colombo,15,40.0,16117.324561016858,27714.611601482775,0.5815461097840013
genova_0015,Scuola d'infanzia Statale Antonio Burlando,15,40.0,11673.438337065923,26424.02140250165,0.44177372396317993
genova_0016,Scuola Primaria Statale Antonio Burlando,15,40.0,11673.438337065923,26625.7616060682,0.4384264574203002
genova_0017,Scuola Primaria Statale 'Giovine Italia',15,40.0,21074.18097605452,53562.7782757891,0.39344824250052496
genova_0018,Scuola Elementare statale Carlo Palli,15,40.0,11359.547373546513,18287.37381263705,0.6211688725746268
genova_0019,Scuola Vespertina 'Rosanna Benzi',15,40.0,10885.820756574869,18700.275311273952,0.5821208819322604
genova_0020,Scuola Elementare di Stato A. G. Brignole Sale,15,40.0,9230.186476150751,27356.701758437754,0.3374012904645511
genova_0021,Scuola Infanzia Emanuele Luzzati,15,40.0,24999.502507476805,57175.33718861231,0.43724276474325696
genova_0022,I.T.C. Eugenio Montale,15,40.0,24999.502507476805,57463.660181935375,0.4350489061839434
genova_0023,Scuola Elementare Statale Gilberto Govi,15,40.0,8683.398777481616,17948.522048972547,0.4837946407948777
genova_0024,Scuola primaria G. Embriaco,15,40.0,13527.780450100396,25756.49865038124,0.5252181452815661
genova_0025,Scuola Materna San Bernardo,15,40.0,8566.116725172793,22493.144908686118,0.38083232735787154
genova_0026,,15,40.0,11852.656781275886,27913.26972631403,0.4246244491415603
genova_0027,Asilo nido comunale Cantaegua,15,40.0,1116.0659445076903,3971.861415043237,0.28099317369952626
genova_0028,Scuola dell'infanzia Comunale Maddalena,15,40.0,21396.165261988936,38629.87642521066,0.5538760990709604
genova_0029,Scuola elementare (primaria) - Paritaria N.S. del Monte,15,40.0,16964.18700743854,42337.224300915506,0.40069199829597013
genova_0030,Scuola materna (dell'infanzia) - Paritaria Nostra Signora del Monte,15,40.0,16879.78955533445,42192.59795258184,0.40006518618040077
genova_0031,Scuola primaria dieci dicembre,15,40.0,17935.454602283593,33305.50714621128,0.5385131811248779
genova_0032,Scuola Primaria Giovanni Pascoli (succursale),15,40.0,11819.999636758286,16362.167384734936,0.7223981614920857
genova_0033,Scuola Infanzia Primavera,15,40.0,4764.126988673657,12913.86653892752,0.3689156128656501
genova_0034,Scuola Materna Comunale Tina Quaglia,15,40.0,10087.163277526051,17941.815513860434,0.5622153047852656
genova_0035,Scuola elementare di Stato Emilio Salgari,15,40.0,25386.08888993541,37808.87707106405,0.6714319719736911
genova_0036,Gesù Nazareno,15,40.0,21803.051854748723,39178.50879124201,0.556505403789707
genova_0037,La vita è bella,15,40.0,13729.804924822449,41363.22353527792,0.33193266267346294
genova_0038,Giovanni Lombardo Radice,15,40.0,9364.302206426859,29092.62470792474,0.32187890575153405
genova_0039,Scuola Primaria Aldo Moro,15,40.0,4146.967663688063,14776.53873138838,0.2806454027612744
genova_0040,Scuola primaria Edmondo De Amicis,15,40.0,4037.330673059642,8680.639837078277,0.4650959778119908
genova_0041,Scuola per l'infanzia Peter Pan,15,40.0,6548.6032913541785,9169.862054446337,0.7141441444235088
genova_0042,Scuola dell'infanzia Mimosa,15,40.0,1116.0659445076903,3970.862941311976,0.2810638294503666
genova_0043,Scuola Materna Statale Felice Cavallotti,15,40.0,8683.398777481616,16922.344678986967,0.5131321304584984
genova_0044,Scuola di infanzia Albero D'Oro,15,40.0,26528.848933045865,52296.650550126586,0.507276252952717
genova_0045,Scuola infanzia Il Gabbiano,15,40.0,5965.905809523836,10509.818592267995,0.567650693220615
genova_0046,Asilo Nido Comunale Il Girasole,15,40.0,33986.16279460907,57833.13743494064,0.5876589841393576
genova_0047,Micronido Pratorotondo,15,40.0,11595.413433616404,16573.73120248124,0.6996260100972594
genova_0048,Asilo Nido Lo Scoiattolo,15,40.0,8601.733164060712,13410.32869833668,0.641425975272896
genova_0049,Asilo Nido Nati sotto al cavolo,15,40.0,22917.515184218733,53344.0101104749,0.4296174047799705
genova_0050,,15,40.0,9283.823870778604,19322.389582628453,0.48046975924370694
genova_0051,Asilo Infantile Borgopila,15,40.0,19710.520595938564,36650.98575154823,0.5377896444464919
genova_0052,Scuola Elementare G.B. Perasso,15,40.0,12686.06985579431,35795.42555828024,0.35440477820663185
genova_0053,Scuola Materna San Martino d'Albaro,15,40.0,12686.06985579431,35948.85659273078,0.3528921656540131
genova_0054,Istituto Paritario Maria Ausiliatrice,15,40.0,36325.652170844376,58735.63102352582,0.6184602350878735
genova_0055,Istituto Suore dell'Immacolata,15,40.0,14410.599938996136,36573.7263180484,0.3940150865044559
genova_0056,Scuola materna comunale Maria Mazzini,15,40.0,18813.552226886768,30628.321137032955,0.6142534598195507
genova_0057,Scuola Materna Suore Medee,15,40.0,20086.53998520076,49520.635783518184,0.4056195900434321
genova_0058,Istituto Champagnat,15,40.0,13776.216314591467,22405.45735809177,0.614859857329186
genova_0059,Asilo Nido Comunale Centofiori,15,40.0,4764.126988673657,12920.28772064444,0.36873226755325167
genova_0060,Asilo nido Casetta degli Orsacchiotti,15,40.0,6116.398358698647,16174.949456390641,0.37814018369510816
genova_0061,Scuola Infanzia Chighizola,15,40.0,13340.174537335039,20698.773425644336,0.6444910653888067
genova_0062,Scuola elementare Papa Giovanni XXIII,15,40.0,22660.84915247679,53405.468848024015,0.4243170154907316
genova_0063,Asilo L'Aquilone,15,40.0,11176.694400657714,19137.96660881013,0.5840063695958453
genova_0064,Scuola Materna Suore figlie di San Giuseppe,15,40.0,10070.205507911742,18319.770252459944,0.549690600326144
genova_0065,Scuola Primaria Ada Negri,15,40.0,12206.299801885729,18758.64390763969,0.6507026766958651
genova_0066,Scuola Materna Viale Modugno 18,15,40.0,11597.77884547634,19137.87609770001,0.6060118053993547
genova_0067,Scuola Materna Venerabile Maria Cristina,15,40.0,122.26183874365117,157.31433229046058,0.7771818178518565
genova_0068,Deledda International School,15,40.0,7447.498277988229,22942.14513722165,0.32462083355515464
genova_0069,Scuola superiore di primo grado Don Milani - Colombo,15,40.0,19287.9281286788,39872.33232640303,0.48374215911885693
genova_0070,Scuola dell'infanzia Comunale San Luigi,15,40.0,20347.63597376585,40144.77953745372,0.5068563386873801
genova_0071,Scuola Materna elementare suore Benedettine della provvidenza,15,40.0,6755.369774822332,16426.580095485897,0.4112462688858005
genova_0072,Scuola Infanzia Emma Valle,15,40.0,6820.6481272165665,12085.247192854906,0.5643780402976863
genova_0073,Asilo Nido Mongolfiera,15,40.0,18107.996049268615,32837.03058424693,0.5514504730508627
genova_0074,Scuola Infanzia Firpo,15,40.0,21006.432817526234,33169.99890136214,0.6332961565658538
genova_0075,Scuola infanzia San Fruttuoso,15,40.0,25901.29215429306,47218.8044707799,0.5485376524160281
genova_0076,Scuola dell'infanzia Monticelli,15,40.0,19081.642600668223,42967.94421004472,0.4440901921532346
genova_0077,,15,40.0,11781.444011837735,19601.651021775804,0.6010434528575951
genova_0078,Asilo Nido Le Giuggiole,15,40.0,3972.157063056286,5826.391063503279,0.6817525668570411
genova_0079,Scuola dell'infanzia Jean Piaget,15,40.0,11934.588976800813,14017.816554478142,0.8513871565103468
genova_0080,Scuola elementare Domenico Ferrero,15,40.0,12160.511991285457,13915.296508552465,0.873895283784395
genova_0081,Scuola elementare (primaria) - Paritaria Contubernio D'Albertis,15,40.0,29410.9487953336,56478.8549426746,0.5207426536034659
genova_0082,ISFORCOOP,15,40.0,27295.18780982375,51820.48427512005,0.5267258342263055
genova_0083,,15,40.0,11240.154118149652,15366.795388345816,0.7314572644517796
genova_0084,Istituto Eugenia Ravasco,15,40.0,14089.307411314789,21128.090923879696,0.6668518922071927
genova_0085,Scuola dell'Infanzia paritaria San Filippo Neri,15,40.0,19617.998843278623,40051.27140938437,0.48982212431543315
genova_0086,Scuola dell’Infanzia paritaria Don Daste,15,40.0,5449.954326009751,14115.858354308923,0.3860873486553604
genova_0087,Scuola Primaria Evasio Montanella,15,40.0,8446.924406771957,13863.99331246292,0.6092706636823508
genova_0088,Scuola dell'Infanzia Branega,15,40.0,8446.924406771957,13786.470157326812,0.6126966736502051
genova_0089,Scuola dell'Infanzia Nuova Cantina,15,40.0,4146.967663688063,14617.842057470609,0.28369219255373673
genova_0090,Asilo Nido La Gabbianella,15,40.0,561.308701626463,2298.803231365355,0.24417431382027352
genova_0091,Nido d'infanzia Oleandro,15,40.0,19924.012925916388,37680.31337343784,0.5287645229607224
genova_0092,Asilo Nido l’Arca di Noè,15,40.0,13880.806935666245,31486.21050360801,0.44085352646917103
genova_0093,Asilo Tollot - Scuola Materna,15,40.0,14857.184760196735,30677.70550304668,0.48429908679843187
genova_0094,,15,40.0,9793.691503057746,27747.879303859365,0.3529527931057265
genova_0095,Fabbrica dei sogni,15,40.0,10032.677807160415,26256.62050779496,0.3821008802020791
genova_0096,Asilo nido Aquilone,15,40.0,1836.1298197523874,11825.09754267103,0.15527396819575376
genova_0097,Scuola Materna Doria,15,40.0,3655.361001976282,5851.9547003561165,0.6246393195343494
genova_0098,Gabbiano,15,40.0,12796.20021148024,28566.17440383876,0.4479493834414408
genova_0099,Scuola Infanzia Fantasia,15,40.0,4072.7093162828214,28181.63115268805,0.14451645095405893
genova_0100,Scuola dell'Infanzia San Pietro,15,40.0,15186.156873703152,25653.547746697965,0.5919710218504909
genova_0101,Asilo nido Nuvola,15,40.0,3401.6018640029433,11083.782899433796,0.3068989978301281
genova_0102,Locali parrocchiali e asilo statale,15,40.0,21991.231325156186,43067.30867070777,0.5106246943197899
genova_0103,Istituto Comprensivo Maddalena-Bertani,15,40.0,23657.381963647604,39511.62068242133,0.5987449149149365
genova_0104,"Scuola Primaria ""Giano Grillo""",15,40.0,21707.01883422971,39411.523581101515,0.5507784744621897
genova_0105,Scuola dell'infanzia Birulò,15,40.0,23303.512711045223,43002.89901871891,0.5419056213140733
genova_0106,Istituto Eugenia Ravasco - Scuola Materna,15,40.0,14089.307411314789,21202.02226615603,0.6645265830988683
genova_0107,Scuola dell'infanzia statale di Piazza Sarzano,15,40.0,13558.995254503952,21277.61599407097,0.6372422201003243
genova_0108,Nido d'infanzia comunale San Donato,15,40.0,17613.07010396622,27975.660176801364,0.6295855037076746
genova_0109,Asilo Nido Aziendale La Trottola,15,40.0,15122.904022975508,36245.987180604614,0.41722974594737594
genova_0110,Convitto Nazionale Cristoforo Colombo,15,40.0,16545.35916418519,42166.2404566905,0.3923840253479355
genova_0111,Girandolina,15,40.0,12796.20021148024,28690.969733087626,0.4460009658273463
genova_0112,Scuola Infanzia XVI Giugno,15,40.0,14048.426608921109,29411.791064936275,0.4776460766331623
genova_0113,Scuola materna Fantasia,15,40.0,4710.149997995813,6391.305580639299,0.7369621024323912
genova_0114,Istituto Agrario Bernardo Marsano - Succursale,15,40.0,5659.3576184465,10401.950441575062,0.5440669661169393
genova_0115,Asilo Nido San Desiderio,15,40.0,1274.0932663863316,1928.6322918225032,0.6606201046143167
genova_0116,Scuola Primaria San Desiderio,15,40.0,1249.770576829852,1916.7752825320465,0.6520172647358609
genova_0117,Scuola Primaria 2 Giugno,15,40.0,2717.945569398159,3562.815812734605,0.7628644623399787
genova_0118,Azienda Agraria Succursale Istituto Marsano,15,40.0,1744.5734757190571,5566.784199857348,0.31338981593067017
genova_0119,Scuola Materna,15,40.0,13717.565169944763,31899.476031809005,0.43002478022730223
genova_0120,Scuola dell'Infanzia Alice nel paese delle meraviglie,15,40.0,27157.618202103375,50824.34594022855,0.5343426993441649
genova_0121,Scuola dell'infanzia di Piazza S. Maria in Via Lata,15,40.0,13527.780450100396,25217.44355414596,0.5364453546234393
genova_0122,Scuola dell'Infanzia Statale Felice Cavallotti,15,40.0,11192.890006544589,20902.601289338025,0.535478328826654
genova_0123,Scuola dell'infanzia Il Delfino,15,40.0,9911.518707828167,35294.4505614566,0.2808237144978272
genova_0124,Scuola Elementare di Stato Luigi Manfredi,15,40.0,2092.8650098717217,3279.44465833924,0.6381766512052013
genova_0125,Centro Pedagogico l'Emile,15,40.0,6261.478104369194,8082.063195430038,0.7747375828377233
genova_0126,Scuola Materna Comunale Gnecco Massa,15,40.0,8307.646387458286,11946.932564477587,0.6953790307781452
genova_0127,Scuola Elementare Angelo Gianelli,15,40.0,8725.556095325974,12298.742976025998,0.7094673099791372
genova_0128,scuola Fabrizi,15,40.0,6702.652709133793,18882.518548621876,0.35496603336438826
genova_0129,Centro Infanzia Porto Antico,15,40.0,13220.123043752537,22351.06152284128,0.5914762943246549
genova_0130,Scuola Edile Genovese,15,40.0,717.0781838698686,7156.3325352949905,0.10020190933459885
genova_0131,Scuola d'Infanzia e scuola primaria Suore Domenicane,15,40.0,8703.94178899968,13101.459432607839,0.6643490241504465
genova_0132,Scuola d'Infanzia e scuola primaria Suore Domenicane,15,40.0,8703.94178899968,13101.459432607839,0.6643490241504465
genova_0133,Scuola G. Baliano,15,40.0,18384.016551879868,28624.68091991423,0.6422435451180901
genova_0134,Asilo nido Oasis,15,40.0,16187.753340164349,24729.505462968777,0.6545926834001884
genova_0135,Asilo nido vico rosa,15,40.0,23122.69228866577,36023.869131035884,0.6418714270962284
genova_0136,Asilo nido yo-yo,15,40.0,23715.545127164125,36837.988198479194,0.643779595112178
genova_0137,laboratorio migrazioni,15,40.0,16130.064140199796,24862.855769603888,0.6487615215915633
genova_0138,Nido d'infanzia comunale Sarzano,15,40.0,15066.113846752309,23759.160289636144,0.634118111208005
genova_0139,Scuola Primaria Giacomo Canepa,15,40.0,622.9902166164201,1062.8177579432981,0.586168430062736
genova_0140,Scuola dell'Infanzia di Crevari,15,40.0,622.9902166164201,1053.0508655491726,0.59160505631561
genova_0141,World English,15,40.0,17089.659385313465,28995.61095021167,0.589387801300621
genova_0142,Scuola dell'Infanzia Arcobaleno,15,40.0,2717.945569398159,3563.3246667768967,0.7627555228798725
genova_0143,Scuola materna Papa Giovanni XXIII,15,40.0,33651.3000025183,53725.49053385317,0.6263563099775544
genova_0144,Scuola Elementare Doria,15,40.0,3327.026473555733,5851.9547003561165,0.5685325064722851
genova_0145,Scuola Garaventa Don Gallo,15,40.0,17907.50291357897,27983.12041191099,0.6399394581440838
genova_0146,Istituto comprensivo Oregina,15,40.0,23171.51177861929,44205.81388673771,0.5241734003130983
genova_0147,Accademia Italiana della Marina Mercantile,15,40.0,12915.441365731098,32557.39627714429,0.3966976122964079
genova_0148,Asilo nido comunale Acquerello,15,40.0,12494.727172831892,16078.527061641445,0.7771064553941992
genova_0149,,15,40.0,4465.677448744281,8241.82365559788,0.541831229998615
genova_0150,Nido d'infanzia comunale Lomellini,15,40.0,20605.462966058923,36486.606424143596,0.5647404619253398
genova_0151,Scuola Primaria Paritaria “S. M. ad Nives”,15,40.0,6145.714318334945,11674.631965895498,0.5264161077015622
genova_0152,,15,40.0,1294.0708937505633,4734.620630717629,0.2733209257262963
genova_0153,Micro - Nido San Filippo Neri,15,40.0,19617.998843278623,40086.514265559075,0.48939148745426636
genova_0154,La Monelleria,15,40.0,12292.767780236396,18875.955623255883,0.6512394935433757
genova_0155,Scuola dell'infanzia statale Girasole,15,40.0,23730.625410003886,33254.344642702636,0.7136097753534095
genova_0156,Scuola Materna Statale di Montesignano,15,40.0,6773.17299164826,12011.60559971707,0.5638857299650099
genova_0157,Villa Dufour,15,40.0,9026.908542559742,13084.759041386531,0.6898796159721412
genova_0158,Scuola La nuvola Olga,15,40.0,12787.328175280607,40967.47403923665,0.3121336737293963
genova_0159,Scuola XII Ottobre,15,40.0,12787.328175280607,40802.90197609578,0.3133926156225852
genova_0160,Scuola primaria Camillo Sbarbaro,15,40.0,8962.699343783856,13122.944363032268,0.6829792991450951
genova_0161,Scuola dell'infanzia Guido Rossa,15,40.0,11278.64398143433,14290.179382458875,0.7892583906454533
genova_0162,Asilo nido Castello Raggio,15,40.0,11047.131895463466,14452.307213568487,0.7643853491497824
genova_0163,,15,40.0,10466.01110776104,15938.614432039358,0.6566449770390679
genova_0164,Scuola dell'Infanzia La farfalla,15,40.0,8858.096613794258,21365.06212607701,0.41460663964007655
genova_0165,Scuola dell'Infanzia Fumagalli,15,40.0,17935.454602283593,33966.051999446754,0.5280406036761567
genova_0166,Scuola dell'Infanzia A. Spinola,15,40.0,23235.617386176586,45045.51177488793,0.5158253612989259
genova_0167,Scuola primaria Ambrogio Spinola,15,40.0,23235.617386176586,44618.37734544743,0.520763388732858
genova_0168,Scuola dell'infanzia Don Acciai,15,40.0,16250.339212024212,36930.17455951925,0.44002876796138696
genova_0169,Scuola primaria Mario Mazza,15,40.0,12807.976014633328,37770.292096271136,0.3391018523761375
genova_0170,Il Castello s.n.c. Asilo Nido,15,40.0,15796.0477192688,30566.641786259635,0.5167740646723404
genova_0171,"Scuola dell'Infanzia Paritaria""Padre Ottavio Assarotti""",15,40.0,14888.212007281782,41626.43254550703,0.35766245380277606
genova_0172,"Scuola dell'Infanzia ""Casa dei bambini""",15,40.0,14000.79985050559,41636.40171192012,0.3362634443623712
genova_0173,"Scuola primaria paritaria ""Padre Ottavio Assarotti""",15,40.0,13729.804924822449,40885.325479328705,0.335812538211641
genova_0174,Scuola Primaria Paritaria Ist. Figlie di San Giuseppe,15,40.0,14000.79985050559,41728.51068156086,0.3355211969425094
genova_0175,Scuola per l'Infanzia San Pio X,15,40.0,24750.171368358133,45938.941310510396,0.5387623367518817
genova_0176,Nido San Pio X,15,40.0,24750.171368358133,45499.72503976023,0.5439630975072933
genova_0177,Bernardo Marsano,15,40.0,1201.5857950436323,2315.794210547861,0.5188655319936075
genova_0178,mYes,15,40.0,12823.903996154071,38913.32782997966,0.3295504319801264
genova_0179,Scuola Infanzia Giovine Italia,15,40.0,21074.18097605452,53739.939817894774,0.3921511830394172
genova_0180,Millepiedi,15,40.0,13263.952607995718,33327.66370710658,0.39798627124191116
genova_0181,Scuola primaria Stanislao Solari,15,40.0,32439.382001847327,56684.132131294384,0.5722832966148224
genova_0182,Scuola Primaria Italo D'Eramo,15,40.0,7093.8952836787885,14638.125060778279,0.48461775358692155
genova_0183,Scuola dell'Infanzia Italo D'Eramo,15,40.0,7093.8952836787885,14503.369014607091,0.4891205123812378
genova_0184,Scuola primaria San Paolo,15,40.0,15901.141781406404,40325.91103682421,0.39431574817704773
genova_0185,Istituo Vittorio Emanuele II Ruffini,15,40.0,18248.832075376806,33165.638858192266,0.5502330937571899
genova_0186,danzainfiore,15,40.0,14000.79985050559,41185.38714367888,0.33994581140302393
genova_0187,New Western Men Cesino,15,40.0,24.553692460347666,53.43655632719049,0.45949241770008753
genova_0188,Scuola Primaria di San Siro,15,40.0,3049.238747433145,5698.878574309098,0.5350594345314365
genova_0189,Istituto Comprensivo Renzo Pezzani,15,40.0,9445.435386482364,21357.186657254882,0.442260281659046
genova_0190,Scuola Elementare Mazzini,15,40.0,6238.981317107454,10352.22792684055,0.6026703972515375
genova_0191,Scuola dell'Infanzia di Villa Sciallero,15,40.0,21770.353803528546,35531.10650158361,0.6127125200156165
genova_0192,Nido d'infanzia comunale Camelot,15,40.0,22016.451263586023,38436.0184330177,0.5728078027112513
genova_0193,Scuola primaria Duca Degli Abruzzi,15,40.0,18048.63766332269,43215.396429103654,0.4176436907834943
genova_0194,Scuola vespertina,15,40.0,19051.95888788074,43157.20947994584,0.44145483726731094
genova_0195,"Istituto alberghiero ""Nino Bergese""",15,40.0,20770.317258671894,26014.775310541296,0.7984046377773508
genova_0196,Scuola Primaria Giustiniani,15,40.0,16268.486768943072,33190.65760469392,0.490152589403421
genova_0197,Istituto Comprensivo Sestri Est,15,40.0,12477.196261500418,25135.259603631046,0.4964021242771632
genova_0198,Scuola Primaria Tommaseo,15,40.0,12115.88909998685,26198.367231118802,0.4624673359641826
genova_0199,IIS Carlo Rosselli,15,40.0,19217.038584030568,26162.469076494228,0.7345269488076028
genova_0200,Scuola Primaria Enrico Fermi,15,40.0,6246.488225029511,7887.988363503538,0.7918987626719906
genova_0201,Asilo Nido Comunale Girotondo,15,40.0,2787.505038954222,3540.850885701233,0.7872415780655452
genova_0202,La Soffitta dei Sogni,15,40.0,1562.607642495446,2702.5246662965233,0.5782029159559188
genova_0203,Asilo Nido Erba Voglio,15,40.0,5728.115933188796,20685.523251043705,0.2769142391841492
genova_0204,Umberto e Margherita nido e scuola dell'infanzia,15,40.0,19812.243623683004,30985.355773360225,0.6394066851643722
genova_0205,Scuola infanzia Villa Ronco,15,40.0,25946.129083842217,37286.52992939959,0.6958579715776736
genova_0206,Scuola materna statale Il piccolo principe,15,40.0,16413.363256162702,39502.62145235935,0.41550060863574384
genova_0207,Scuola Materna Il Pratone,15,40.0,7607.97463516429,19836.43598473206,0.3835353609398425
genova_0208,Istituto Comprensivo Centro Storico,15,40.0,13527.780450100396,25329.40982814341,0.5340740483842514
genova_0209,Scuola Elementare Anna Frank,15,40.0,19069.021698277218,51108.07267212065,0.37311173560804867
genova_0210,Scuola Primaria Guglielmo Marconi,15,40.0,27157.618202103375,50761.47384846433,0.5350045249508641
genova_0211,"Istituto Secondario Superiore Statale ""Edoardo Firpo - Michelangelo Buonarroti""",15,40.0,27179.588741606472,57954.72612570293,0.46897967704401455
genova_0212,Istituto Odero,15,40.0,15857.075769317802,27573.292581559166,0.5750882206908764
genova_0213,Scuola Primaria Giosué Carducci,15,40.0,11558.281409514919,31355.76532209252,0.36861742300932554
genova_0214,"Scuola Primaria ""Gianni Rodari""",15,40.0,18889.776945940852,34502.07851924753,0.5474967815461579
genova_0215,Istituto Scolastico Vittorino Bernini,15,40.0,13163.530312619656,33140.27202731887,0.3972064653473099
genova_0216,Padiglione E,15,40.0,8674.135726712737,27156.379995091396,0.31941428600868804
genova_0217,Scuola elementare San Giacomo,15,40.0,4677.279771980634,8218.969075889308,0.5690835102058762
genova_0218,Scuola primaria Pino,15,40.0,2808.80416538842,9093.784191564955,0.30887077439046323
genova_0219,Scuola elementare di Stato Montesignano,15,40.0,4951.433803820964,10736.644644590859,0.4611714336951168
genova_0220,Istituto Comprensivo Bolzaneto,15,40.0,7595.417156967522,11648.227716838108,0.6520663350346386
genova_0221,Scuola Elementare Statale Cesare Battisti,15,40.0,16220.735042755903,39373.53012646833,0.4119705545998714
genova_0222,Plesso Gabriello Chiabrera,15,40.0,13643.313715980097,31228.788623280656,0.43688257910232176
genova_0223,Scuola Elementare di Stato Ettore Vernazza,15,40.0,11192.890006544589,21814.352417305265,0.5130975145365901
genova_0224,Scuola Elementare Gerolamo da Passano,15,40.0,16334.562294392132,39194.32160160788,0.4167583881263564
genova_0225,Scuole Elementari di Stato Armando Diaz,15,40.0,14716.316328241975,25695.08103565455,0.5727289323517439
genova_0226,Scuola infanzia Garbarino,15,40.0,13296.824051975575,31541.51921049306,0.4215657452400726
genova_0227,Istituto di Istruzione Superiore Aldo Gastaldi - Giuseppe Cesare Abba,15,40.0,10197.799003756256,24822.47706868965,0.4108292244781429
genova_0228,,15,40.0,9265.908572182661,28624.578317020027,0.3237046313682532
genova_0229,"Istituto comprensivo Quezzi ""Gilberto Govi""",15,40.0,10862.13904248802,18227.16209049937,0.5959314449806613
genova_0230,Istituto Comprensivo Molassana,15,40.0,6107.779097899222,8879.48526938377,0.6878528329743034
genova_0231,Asilo Infantile Lorenzo Stallo,15,40.0,10201.377825071757,15365.117159453519,0.66393101459661
genova_0232,Scuola Elementare Giovanni da Verrazzano,15,40.0,7270.1845529302955,9583.137879668222,0.7586434260071396
genova_0233,,15,40.0,11440.236862873211,18661.649387512647,0.6130346051045408
genova_0234,Il Sole del Mirto,15,40.0,24094.87222955823,49857.58886847683,0.4832739162962723
genova_0235,Istituto Opera Pia Causa,15,40.0,7346.675516024828,41456.03964978755,0.17721604808583005
genova_0236,Scuola Elementare A. G. Barrili,15,40.0,21934.059766952396,32559.02592738725,0.6736706379321504
genova_0237,Scuola Primaria Vittorio Alfieri,15,40.0,6756.623990814723,12128.682579464905,0.5570781448476833
genova_0238,Scuola Elementare di Stato Giovanni Daneo,15,40.0,24590.120684852525,38887.710522452595,0.6323365493747679
genova_0239,Scuola primaria Maria Mazzini,15,40.0,20489.765848340987,39901.144676701944,0.5135132341279635
genova_0240,Scuola primaria Villa Banfi,15,40.0,6952.742962032892,14287.577851030239,0.4866285268591939
genova_0241,Asilo Nido comunale Il Veliero,15,40.0,18156.288524723277,31741.80143989045,0.5719993100929038
genova_0242,Asilo nido Lo Smeraldo,15,40.0,4225.0847031205885,14349.303876016436,0.29444527341723076
genova_0243,Istituto Paritario Santa Maria Ad Nives,15,40.0,10118.066556859296,17071.97881303317,0.592670988387996
genova_0244,ITIS Italo Calvino,15,40.0,17847.052588350773,29664.230252622914,0.6016354524072889
genova_0245,Scuola comprensiva di Via Mogadiscio,15,40.0,1064.230643032538,4170.656618611585,0.25517100551587035
genova_0246,,15,40.0,12264.047759544253,17590.505661490017,0.6971969990830507
genova_0247,Bixio Granarolo,15,40.0,15312.374856125785,41097.212221659465,0.37258913751954453
genova_0248,Scuola primaria Teglia,15,40.0,5425.878403725922,10123.238348945248,0.5359824807731857
genova_0249,Asilo Nido Villa Letizia,15,40.0,6593.9532665772995,9282.831891896774,0.7103385414458849
genova_0250,Scuola Elementare di Stato Ludovico Ariosto,15,40.0,12400.902989774739,16633.13555476103,0.7455541349342959
genova_0251,Istituto di Istruzione Superiore Aldo Gastaldi - Giuseppe Cesare Abba,15,40.0,5893.446761812866,10809.036704750619,0.5452333008752455
genova_0252,Scuola materna Villa Banfi,15,40.0,6929.815567268207,14412.921645104298,0.48080574764118617
genova_0253,Scuola elementare Don Bosco,15,40.0,4753.440511854291,18313.521604436617,0.2595590632171328
genova_0254,,15,40.0,11278.64398143433,14281.07680395002,0.7897614540042777
genova_0255,IPSIA Piero Gaslini - Succursale,15,40.0,20793.849774810078,33102.81148291143,0.6281596288443484
genova_0256,Nido d'infanzia Villa Savoretti,15,40.0,20793.849774810078,32923.23009524897,0.6315859566224872
genova_0257,Scuola dell'Infanzia Eugenia Ravasco,15,40.0,2444.2793376218287,10875.902920830911,0.22474265864770035
genova_0258,Scuola dell'Infanzia statale Villa Parodi,15,40.0,14616.815626364147,26309.9041798851,0.555563240611847
genova_0259,Scuola elementare Bruno Ball - Scuola Materna Il Glicine,15,40.0,7134.673082138933,12876.207163418374,0.554097413282439
genova_0260,Scuola primaria Mario Emanuelli,15,40.0,5740.267081284449,13773.01713783958,0.4167762970042206
genova_0261,Istituto Nautico San Giorgio,15,40.0,5693.4140209907855,31953.697184146255,0.17817700368693357
genova_0262,Scuola elementare di Stato Jessie Mario,15,40.0,15379.484949887099,27543.40757403355,0.5583726308572674
genova_0263,"Asilo nido ""Pollicino""",15,40.0,4677.279771980634,8212.533628282268,0.5695294514074255
genova_0264,Istituto d'Istruzione Superiore Statale Einaudi Casaregis Galilei,15,40.0,12818.349643990197,29477.192564704994,0.434856529021643
genova_0265,Mameli,15,40.0,14626.175965674223,39283.79858292966,0.372320816552345
genova_0266,San Marino,15,40.0,2161.4134265620946,11270.033872497148,0.19178411094546083
genova_0267,"Istituto comprensivo Quezzi ""Susanna Fontanarossa""ex Govi",15,40.0,10103.385701512078,18688.727792037786,0.540613883081788
genova_0268,Villa Stalder,15,40.0,8545.604621996357,17446.65701060923,0.4898132987196238
genova_0269,IPSIS Gaslini Meucci,15,40.0,4795.591224897886,9221.403610184458,0.5200500300845153
genova_0270,Istituto Santa Caterina,15,40.0,2168.675369335101,9802.476672190638,0.22123749352932148
genova_0271,Scuola dell'infanzia Carlo Garrone,15,40.0,1482.4970548547803,2498.935476726778,0.5932514339252265
genova_0272,Scuola dell'infanzia Il Giardino della Fenice,15,40.0,1389.9160437669977,2621.575004573427,0.5301835886221992
genova_0273,Nido d'infanzia Alice,15,40.0,4250.57889645584,6271.3590991613455,0.6777763526608227
genova_0274,,15,40.0,669.8583258383721,3922.646015199027,0.17076695762066743
genova_0275,,15,40.0,669.8583258383721,3939.4250662549352,0.17003961607909995
genova_0276,,15,40.0,669.8583258383721,3863.6606071408605,0.17337400821395454
genova_0277,Scuola Materna del Camoscio,15,40.0,12208.153016897439,40031.874870346255,0.3049608107648405
genova_0278,,15,40.0,17110.732147011753,34941.76137339309,0.4896928910985285
genova_0279,Scuola dell'infanzia Bertani,15,40.0,17747.598292156457,40546.14688935302,0.4377135598257497
genova_0280,Scuola elementare Walt Disney,15,40.0,12176.214012120068,36538.78703378519,0.33324078330409446
genova_0281,,15,40.0,4072.7093162828214,29132.925151608964,0.1397974729653226
genova_0282,Asilo dell'Infanzia G. Lombardo Radice,15,40.0,9364.302206426859,29312.435635838454,0.3194651690758076
genova_0283,Scuola Primaria Giosuè Borsi,15,40.0,9628.874263344751,35519.307402707556,0.2710884577273813
genova_0284,Scuola dell'infanzia San Paolo,15,40.0,15901.141781406404,40325.91103682421,0.39431574817704773
genova_0285,Scuola Primaria Prato,15,40.0,3882.206038106736,6177.475015026331,0.6284454455361627
genova_0286,Scuola Comunale dell'Infanzia Coccinella,15,40.0,2910.4987412944065,4856.763844304309,0.599267091132637
genova_0287,Istituto Alberghiero Marco Polo,15,40.0,5210.238858020008,21633.513750676066,0.24084108194662476
genova_0288,Istituto Santa Marta,15,40.0,5450.6835390472415,40228.331861385625,0.13549365054033582
genova_0289,Scuola dell'infanzia Casa dei Bambini,15,40.0,4986.669807022596,6918.255349867772,0.7207987498058894
genova_0290,Scuola Elementare Elsa Morante,15,40.0,3484.264850652814,13531.65282680123,0.2574899677999251
genova_0291,Scuola Primaria E.A. D'Albertis,15,40.0,6759.6744525052145,10793.771985517109,0.6262569249725883
genova_0292,Istituto Byron,15,40.0,12490.55722360224,26710.180197823298,0.4676328325415093
genova_0293,,15,40.0,11278.64398143433,14277.792814997383,0.7899431044823154
genova_0294,,15,40.0,4753.440511854291,18279.38398739664,0.26004380208500005
genova_0295,Scuola dell'infanzia Don Bosco,15,40.0,4753.440511854291,18294.611602255387,0.2598273532775235
genova_0296,Scuola dell'infanzia Bertoncini,15,40.0,19087.724880377056,48839.07965295611,0.3908289225761797
genova_0297,Scuola primaria Natale Gallino,15,40.0,4710.149997995813,6380.500798082109,0.7382100789661555
genova_0298,Scuola Primaria San Giovanni Battista,15,40.0,25278.303846820596,35343.03678170925,0.7152272738459939
